model,family,corner,seed,dt,dynamic_noise,return_rate,settling_time_p95,residual_p95,reexit_rate,attempted_violations
baseline_ungekoppelt,baseline,nominal,101,0.02,1,1.0,2.603,0.0038418397539357694,0.0,0
baseline_ungekoppelt,baseline,nominal,101,0.02,0,1.0,2.62,0.0003612412819330168,0.0,0
baseline_ungekoppelt,baseline,nominal,101,0.01,0,1.0,2.64,0.00038370910387310216,0.0,0
baseline_ungekoppelt,baseline,nominal,131,0.02,1,1.0,2.6,0.0036770602747046707,0.0,0
baseline_ungekoppelt,baseline,nominal,131,0.02,0,1.0,2.583,0.00029477833301736953,0.0,0
baseline_ungekoppelt,baseline,nominal,131,0.01,0,1.0,2.62,0.0003149529383000842,0.0,0
baseline_ungekoppelt,baseline,nominal,167,0.02,1,1.0,2.56,0.0034787776840182853,0.0,0
baseline_ungekoppelt,baseline,nominal,167,0.02,0,1.0,2.543,0.0003228293907914165,0.0,0
baseline_ungekoppelt,baseline,nominal,167,0.01,0,1.0,2.5715,0.0003428599190653567,0.0,0
baseline_ungekoppelt,baseline,erhoeht,101,0.02,1,1.0,2.8859999999999997,0.007190809329621863,0.0,0
baseline_ungekoppelt,baseline,erhoeht,101,0.02,0,1.0,2.86,0.0013963824791190795,0.0,0
baseline_ungekoppelt,baseline,erhoeht,101,0.01,0,1.0,2.89,0.0014470026378080045,0.0,0
baseline_ungekoppelt,baseline,erhoeht,131,0.02,1,1.0,2.863,0.007188718187674732,0.0,0
baseline_ungekoppelt,baseline,erhoeht,131,0.02,0,1.0,2.84,0.001096213939451399,0.0,0
baseline_ungekoppelt,baseline,erhoeht,131,0.01,0,1.0,2.86,0.0011416821879560624,0.0,0
baseline_ungekoppelt,baseline,erhoeht,167,0.02,1,1.0,3.2430000000000003,0.008028894410074467,0.0,0
baseline_ungekoppelt,baseline,erhoeht,167,0.02,0,1.0,3.2,0.0032695747237118968,0.0,0
baseline_ungekoppelt,baseline,erhoeht,167,0.01,0,1.0,3.23,0.003359674537851053,0.0,0
kontrolle_isotrop_0.34,isotrop,nominal,101,0.02,1,1.0,2.543,0.0031998268902569452,0.0,0
kontrolle_isotrop_0.34,isotrop,nominal,101,0.02,0,1.0,2.56,0.0002120903202500127,0.0,0
kontrolle_isotrop_0.34,isotrop,nominal,101,0.01,0,1.0,2.58,0.00022885181620261938,0.0,0
kontrolle_isotrop_0.34,isotrop,nominal,131,0.02,1,1.0,2.56,0.0028680579124518036,0.0,0
kontrolle_isotrop_0.34,isotrop,nominal,131,0.02,0,1.0,2.56,0.00021378188225230349,0.0,0
kontrolle_isotrop_0.34,isotrop,nominal,131,0.01,0,1.0,2.58,0.00023064742385459552,0.0,0
kontrolle_isotrop_0.34,isotrop,nominal,167,0.02,1,1.0,2.5,0.0027400923019679896,0.0,0
kontrolle_isotrop_0.34,isotrop,nominal,167,0.02,0,1.0,2.5,0.00017581358331769816,0.0,0
kontrolle_isotrop_0.34,isotrop,nominal,167,0.01,0,1.0,2.52,0.00019015551606435362,0.0,0
kontrolle_isotrop_0.34,isotrop,erhoeht,101,0.02,1,1.0,2.66,0.005573201953493208,0.0,0
kontrolle_isotrop_0.34,isotrop,erhoeht,101,0.02,0,1.0,2.68,0.00036057468054577816,0.0,0
kontrolle_isotrop_0.34,isotrop,erhoeht,101,0.01,0,1.0,2.7,0.00038522471245648783,0.0,0
kontrolle_isotrop_0.34,isotrop,erhoeht,131,0.02,1,1.0,2.6630000000000003,0.0062787820298338525,0.0,0
kontrolle_isotrop_0.34,isotrop,erhoeht,131,0.02,0,1.0,2.6430000000000002,0.0003365286710498453,0.0,0
kontrolle_isotrop_0.34,isotrop,erhoeht,131,0.01,0,1.0,2.6715,0.00035984760341762283,0.0,0
kontrolle_isotrop_0.34,isotrop,erhoeht,167,0.02,1,1.0,2.74,0.005799390626868434,0.0,0
kontrolle_isotrop_0.34,isotrop,erhoeht,167,0.02,0,1.0,2.72,0.0003864395014229344,0.0,0
kontrolle_isotrop_0.34,isotrop,erhoeht,167,0.01,0,1.0,2.74,0.00041291678783557595,0.0,0
anisotrop_horizontal_d0.34_t0,anisotrop,nominal,101,0.02,1,1.0,2.563,0.003617996841987079,0.0,0
anisotrop_horizontal_d0.34_t0,anisotrop,nominal,101,0.02,0,1.0,2.58,0.00023866872655009514,0.0,0
anisotrop_horizontal_d0.34_t0,anisotrop,nominal,101,0.01,0,1.0,2.6,0.0002567883189784198,0.0,0
anisotrop_horizontal_d0.34_t0,anisotrop,nominal,131,0.02,1,1.0,2.58,0.0032739229180435226,0.0,0
anisotrop_horizontal_d0.34_t0,anisotrop,nominal,131,0.02,0,1.0,2.56,0.0002383652446270469,0.0,0
anisotrop_horizontal_d0.34_t0,anisotrop,nominal,131,0.01,0,1.0,2.5915,0.0002563316338565607,0.0,0
anisotrop_horizontal_d0.34_t0,anisotrop,nominal,167,0.02,1,1.0,2.503,0.0031071580033812988,0.0,0
anisotrop_horizontal_d0.34_t0,anisotrop,nominal,167,0.02,0,1.0,2.52,0.00021526304532161922,0.0,0
anisotrop_horizontal_d0.34_t0,anisotrop,nominal,167,0.01,0,1.0,2.54,0.000231338900981871,0.0,0
anisotrop_horizontal_d0.34_t0,anisotrop,erhoeht,101,0.02,1,1.0,2.7,0.006100553114382896,0.0,0
anisotrop_horizontal_d0.34_t0,anisotrop,erhoeht,101,0.02,0,1.0,2.72,0.000513214849089891,0.0,0
anisotrop_horizontal_d0.34_t0,anisotrop,erhoeht,101,0.01,0,1.0,2.75,0.0005437388191094398,0.0,0
anisotrop_horizontal_d0.34_t0,anisotrop,erhoeht,131,0.02,1,1.0,2.7030000000000003,0.006575854292680243,0.0,0
anisotrop_horizontal_d0.34_t0,anisotrop,erhoeht,131,0.02,0,1.0,2.7,0.0004929215579553937,0.0,0
anisotrop_horizontal_d0.34_t0,anisotrop,erhoeht,131,0.01,0,1.0,2.73,0.0005219884908023972,0.0,0
anisotrop_horizontal_d0.34_t0,anisotrop,erhoeht,167,0.02,1,1.0,2.823,0.006308997337993552,0.0,0
anisotrop_horizontal_d0.34_t0,anisotrop,erhoeht,167,0.02,0,1.0,2.82,0.0006745801191898462,0.0,0
anisotrop_horizontal_d0.34_t0,anisotrop,erhoeht,167,0.01,0,1.0,2.84,0.0007117946862726115,0.0,0
anisotrop_horizontal_d0.34_t0.17,anisotrop,nominal,101,0.02,1,1.0,2.56,0.003363520760872223,0.0,0
anisotrop_horizontal_d0.34_t0.17,anisotrop,nominal,101,0.02,0,1.0,2.56,0.00021755173288072444,0.0,0
anisotrop_horizontal_d0.34_t0.17,anisotrop,nominal,101,0.01,0,1.0,2.59,0.0002346276966995784,0.0,0
anisotrop_horizontal_d0.34_t0.17,anisotrop,nominal,131,0.02,1,1.0,2.563,0.0030581298114050184,0.0,0
anisotrop_horizontal_d0.34_t0.17,anisotrop,nominal,131,0.02,0,1.0,2.56,0.000219346287043664,0.0,0
anisotrop_horizontal_d0.34_t0.17,anisotrop,nominal,131,0.01,0,1.0,2.59,0.0002365101545132499,0.0,0
anisotrop_horizontal_d0.34_t0.17,anisotrop,nominal,167,0.02,1,1.0,2.5,0.0029058177882713265,0.0,0
anisotrop_horizontal_d0.34_t0.17,anisotrop,nominal,167,0.02,0,1.0,2.5,0.00018152034855806458,0.0,0
anisotrop_horizontal_d0.34_t0.17,anisotrop,nominal,167,0.01,0,1.0,2.5300000000000002,0.00019618677380109608,0.0,0
anisotrop_horizontal_d0.34_t0.17,anisotrop,erhoeht,101,0.02,1,1.0,2.6630000000000003,0.005735641144995617,0.0,0
anisotrop_horizontal_d0.34_t0.17,anisotrop,erhoeht,101,0.02,0,1.0,2.7,0.0004043135377840362,0.0,0
anisotrop_horizontal_d0.34_t0.17,anisotrop,erhoeht,101,0.01,0,1.0,2.72,0.000430847572384597,0.0,0
anisotrop_horizontal_d0.34_t0.17,anisotrop,erhoeht,131,0.02,1,1.0,2.666,0.006436640686901469,0.0,0
anisotrop_horizontal_d0.34_t0.17,anisotrop,erhoeht,131,0.02,0,1.0,2.6630000000000003,0.00038535123635678037,0.0,0
anisotrop_horizontal_d0.34_t0.17,anisotrop,erhoeht,131,0.01,0,1.0,2.7,0.0004106881800958574,0.0,0
anisotrop_horizontal_d0.34_t0.17,anisotrop,erhoeht,167,0.02,1,1.0,2.7600000000000002,0.00601828721782033,0.0,0
anisotrop_horizontal_d0.34_t0.17,anisotrop,erhoeht,167,0.02,0,1.0,2.74,0.00044753263708421237,0.0,0
anisotrop_horizontal_d0.34_t0.17,anisotrop,erhoeht,167,0.01,0,1.0,2.77,0.0004768180852336356,0.0,0
anisotrop_horizontal_d0.68_t0,anisotrop,nominal,101,0.02,1,1.0,2.56,0.0034394135649288005,0.0,0
anisotrop_horizontal_d0.68_t0,anisotrop,nominal,101,0.02,0,1.0,2.56,0.00022360423152967322,0.0,0
anisotrop_horizontal_d0.68_t0,anisotrop,nominal,101,0.01,0,1.0,2.59,0.0002409534864122837,0.0,0
anisotrop_horizontal_d0.68_t0,anisotrop,nominal,131,0.02,1,1.0,2.563,0.002978141041022168,0.0,0
anisotrop_horizontal_d0.68_t0,anisotrop,nominal,131,0.02,0,1.0,2.56,0.0002303010083165006,0.0,0
anisotrop_horizontal_d0.68_t0,anisotrop,nominal,131,0.01,0,1.0,2.59,0.000247873877662459,0.0,0
anisotrop_horizontal_d0.68_t0,anisotrop,nominal,167,0.02,1,1.0,2.5,0.0029257665756931514,0.0,0
anisotrop_horizontal_d0.68_t0,anisotrop,nominal,167,0.02,0,1.0,2.5,0.0001970838046305631,0.0,0
anisotrop_horizontal_d0.68_t0,anisotrop,nominal,167,0.01,0,1.0,2.5300000000000002,0.00021231949725803578,0.0,0
anisotrop_horizontal_d0.68_t0,anisotrop,erhoeht,101,0.02,1,1.0,2.68,0.005661900859198207,0.0,0
anisotrop_horizontal_d0.68_t0,anisotrop,erhoeht,101,0.02,0,1.0,2.7,0.000459180198220766,0.0,0
anisotrop_horizontal_d0.68_t0,anisotrop,erhoeht,101,0.01,0,1.0,2.73,0.00048755299653729185,0.0,0
anisotrop_horizontal_d0.68_t0,anisotrop,erhoeht,131,0.02,1,1.0,2.6830000000000003,0.006055197826854518,0.0,0
anisotrop_horizontal_d0.68_t0,anisotrop,erhoeht,131,0.02,0,1.0,2.68,0.0004334354714053969,0.0,0
anisotrop_horizontal_d0.68_t0,anisotrop,erhoeht,131,0.01,0,1.0,2.7,0.0004598807928168867,0.0,0
anisotrop_horizontal_d0.68_t0,anisotrop,erhoeht,167,0.02,1,1.0,2.7600000000000002,0.005717052778334583,0.0,0
anisotrop_horizontal_d0.68_t0,anisotrop,erhoeht,167,0.02,0,1.0,2.74,0.000486663636850735,0.0,0
anisotrop_horizontal_d0.68_t0,anisotrop,erhoeht,167,0.01,0,1.0,2.77,0.0005166588788879309,0.0,0
anisotrop_horizontal_d0.68_t0.17,anisotrop,nominal,101,0.02,1,1.0,2.543,0.0031906078672595045,0.0,0
anisotrop_horizontal_d0.68_t0.17,anisotrop,nominal,101,0.02,0,1.0,2.56,0.0002119808134582223,0.0,0
anisotrop_horizontal_d0.68_t0.17,anisotrop,nominal,101,0.01,0,1.0,2.58,0.00022873209400213845,0.0,0
anisotrop_horizontal_d0.68_t0.17,anisotrop,nominal,131,0.02,1,1.0,2.56,0.0028490912837692553,0.0,0
anisotrop_horizontal_d0.68_t0.17,anisotrop,nominal,131,0.02,0,1.0,2.56,0.00021540810597605613,0.0,0
anisotrop_horizontal_d0.68_t0.17,anisotrop,nominal,131,0.01,0,1.0,2.58,0.00023234831172990543,0.0,0
anisotrop_horizontal_d0.68_t0.17,anisotrop,nominal,167,0.02,1,1.0,2.483,0.0027385906011790145,0.0,0
anisotrop_horizontal_d0.68_t0.17,anisotrop,nominal,167,0.02,0,1.0,2.5,0.0001706409971447057,0.0,0
anisotrop_horizontal_d0.68_t0.17,anisotrop,nominal,167,0.01,0,1.0,2.52,0.00018471853042451229,0.0,0
anisotrop_horizontal_d0.68_t0.17,anisotrop,erhoeht,101,0.02,1,1.0,2.66,0.005361466996086627,0.0,0
anisotrop_horizontal_d0.68_t0.17,anisotrop,erhoeht,101,0.02,0,1.0,2.68,0.00038013504566877196,0.0,0
anisotrop_horizontal_d0.68_t0.17,anisotrop,erhoeht,101,0.01,0,1.0,2.7,0.00040551447505991013,0.0,0
anisotrop_horizontal_d0.68_t0.17,anisotrop,erhoeht,131,0.02,1,1.0,2.6630000000000003,0.005933327997068426,0.0,0
anisotrop_horizontal_d0.68_t0.17,anisotrop,erhoeht,131,0.02,0,1.0,2.64,0.0003499070369041945,0.0,0
anisotrop_horizontal_d0.68_t0.17,anisotrop,erhoeht,131,0.01,0,1.0,2.67,0.00037352917079666164,0.0,0
anisotrop_horizontal_d0.68_t0.17,anisotrop,erhoeht,167,0.02,1,1.0,2.72,0.005452951356631244,0.0,0
anisotrop_horizontal_d0.68_t0.17,anisotrop,erhoeht,167,0.02,0,1.0,2.7030000000000003,0.00038406640809723067,0.0,0
anisotrop_horizontal_d0.68_t0.17,anisotrop,erhoeht,167,0.01,0,1.0,2.7315,0.00041030074040924856,0.0,0
anisotrop_vertikal_d0.34_t0,anisotrop,nominal,101,0.02,1,1.0,2.563,0.0034514122316237337,0.0,0
anisotrop_vertikal_d0.34_t0,anisotrop,nominal,101,0.02,0,1.0,2.56,0.0002358089819660255,0.0,0
anisotrop_vertikal_d0.34_t0,anisotrop,nominal,101,0.01,0,1.0,2.59,0.00025368329480749324,0.0,0
anisotrop_vertikal_d0.34_t0,anisotrop,nominal,131,0.02,1,1.0,2.563,0.0031844583422457893,0.0,0
anisotrop_vertikal_d0.34_t0,anisotrop,nominal,131,0.02,0,1.0,2.56,0.00023340732536610015,0.0,0
anisotrop_vertikal_d0.34_t0,anisotrop,nominal,131,0.01,0,1.0,2.59,0.00025117442803694563,0.0,0
anisotrop_vertikal_d0.34_t0,anisotrop,nominal,167,0.02,1,1.0,2.52,0.0031668447125224475,0.0,0
anisotrop_vertikal_d0.34_t0,anisotrop,nominal,167,0.02,0,1.0,2.52,0.00021602105823678727,0.0,0
anisotrop_vertikal_d0.34_t0,anisotrop,nominal,167,0.01,0,1.0,2.54,0.0002322511182123598,0.0,0
anisotrop_vertikal_d0.34_t0,anisotrop,erhoeht,101,0.02,1,1.0,2.7,0.006265806680771732,0.0,0
anisotrop_vertikal_d0.34_t0,anisotrop,erhoeht,101,0.02,0,1.0,2.72,0.0005177880573757159,0.0,0
anisotrop_vertikal_d0.34_t0,anisotrop,erhoeht,101,0.01,0,1.0,2.75,0.0005481095142639687,0.0,0
anisotrop_vertikal_d0.34_t0,anisotrop,erhoeht,131,0.02,1,1.0,2.7230000000000003,0.0066758942499097265,0.0,0
anisotrop_vertikal_d0.34_t0,anisotrop,erhoeht,131,0.02,0,1.0,2.72,0.0005382542844493132,0.0,0
anisotrop_vertikal_d0.34_t0,anisotrop,erhoeht,131,0.01,0,1.0,2.7415000000000003,0.0005688106165623363,0.0,0
anisotrop_vertikal_d0.34_t0,anisotrop,erhoeht,167,0.02,1,1.0,2.8000000000000003,0.006660901677797973,0.0,0
anisotrop_vertikal_d0.34_t0,anisotrop,erhoeht,167,0.02,0,1.0,2.8000000000000003,0.000578209179242394,0.0,0
anisotrop_vertikal_d0.34_t0,anisotrop,erhoeht,167,0.01,0,1.0,2.82,0.0006123870468651132,0.0,0
anisotrop_vertikal_d0.34_t0.17,anisotrop,nominal,101,0.02,1,1.0,2.56,0.003316664402301079,0.0,0
anisotrop_vertikal_d0.34_t0.17,anisotrop,nominal,101,0.02,0,1.0,2.56,0.00021676478101851368,0.0,0
anisotrop_vertikal_d0.34_t0.17,anisotrop,nominal,101,0.01,0,1.0,2.5815,0.00023378997773608842,0.0,0
anisotrop_vertikal_d0.34_t0.17,anisotrop,nominal,131,0.02,1,1.0,2.56,0.0029957697460519387,0.0,0
anisotrop_vertikal_d0.34_t0.17,anisotrop,nominal,131,0.02,0,1.0,2.56,0.00021731585316421776,0.0,0
anisotrop_vertikal_d0.34_t0.17,anisotrop,nominal,131,0.01,0,1.0,2.59,0.00023438108170843717,0.0,0
anisotrop_vertikal_d0.34_t0.17,anisotrop,nominal,167,0.02,1,1.0,2.5,0.002843686995171934,0.0,0
anisotrop_vertikal_d0.34_t0.17,anisotrop,nominal,167,0.02,0,1.0,2.5,0.00018671513759783667,0.0,0
anisotrop_vertikal_d0.34_t0.17,anisotrop,nominal,167,0.01,0,1.0,2.5300000000000002,0.00020160490578778834,0.0,0
anisotrop_vertikal_d0.34_t0.17,anisotrop,erhoeht,101,0.02,1,1.0,2.66,0.005873362703024743,0.0,0
anisotrop_vertikal_d0.34_t0.17,anisotrop,erhoeht,101,0.02,0,1.0,2.68,0.000385933790792392,0.0,0
anisotrop_vertikal_d0.34_t0.17,anisotrop,erhoeht,101,0.01,0,1.0,2.71,0.0004117630385617001,0.0,0
anisotrop_vertikal_d0.34_t0.17,anisotrop,erhoeht,131,0.02,1,1.0,2.6830000000000003,0.006447204750296419,0.0,0
anisotrop_vertikal_d0.34_t0.17,anisotrop,erhoeht,131,0.02,0,1.0,2.6630000000000003,0.0003717970456885886,0.0,0
anisotrop_vertikal_d0.34_t0.17,anisotrop,erhoeht,131,0.01,0,1.0,2.6915,0.0003967844459312322,0.0,0
anisotrop_vertikal_d0.34_t0.17,anisotrop,erhoeht,167,0.02,1,1.0,2.7600000000000002,0.006178047368886672,0.0,0
anisotrop_vertikal_d0.34_t0.17,anisotrop,erhoeht,167,0.02,0,1.0,2.74,0.00042918622931995606,0.0,0
anisotrop_vertikal_d0.34_t0.17,anisotrop,erhoeht,167,0.01,0,1.0,2.77,0.00045773060895156484,0.0,0
anisotrop_vertikal_d0.68_t0,anisotrop,nominal,101,0.02,1,1.0,2.56,0.003303766292254389,0.0,0
anisotrop_vertikal_d0.68_t0,anisotrop,nominal,101,0.02,0,1.0,2.56,0.00022418005898008824,0.0,0
anisotrop_vertikal_d0.68_t0,anisotrop,nominal,101,0.01,0,1.0,2.5815,0.00024146409512754816,0.0,0
anisotrop_vertikal_d0.68_t0,anisotrop,nominal,131,0.02,1,1.0,2.56,0.0029500217884354776,0.0,0
anisotrop_vertikal_d0.68_t0,anisotrop,nominal,131,0.02,0,1.0,2.56,0.00022390283852091075,0.0,0
anisotrop_vertikal_d0.68_t0,anisotrop,nominal,131,0.01,0,1.0,2.59,0.0002411840482989568,0.0,0
anisotrop_vertikal_d0.68_t0,anisotrop,nominal,167,0.02,1,1.0,2.5,0.0029021836911566645,0.0,0
anisotrop_vertikal_d0.68_t0,anisotrop,nominal,167,0.02,0,1.0,2.503,0.0002022169627016108,0.0,0
anisotrop_vertikal_d0.68_t0,anisotrop,nominal,167,0.01,0,1.0,2.5315000000000003,0.0002177453042367026,0.0,0
anisotrop_vertikal_d0.68_t0,anisotrop,erhoeht,101,0.02,1,1.0,2.66,0.005976532109087775,0.0,0
anisotrop_vertikal_d0.68_t0,anisotrop,erhoeht,101,0.02,0,1.0,2.68,0.00042438524000154137,0.0,0
anisotrop_vertikal_d0.68_t0,anisotrop,erhoeht,101,0.01,0,1.0,2.71,0.0004510819488924591,0.0,0
anisotrop_vertikal_d0.68_t0,anisotrop,erhoeht,131,0.02,1,1.0,2.6830000000000003,0.006286045698180962,0.0,0
anisotrop_vertikal_d0.68_t0,anisotrop,erhoeht,131,0.02,0,1.0,2.68,0.0004241293272537572,0.0,0
anisotrop_vertikal_d0.68_t0,anisotrop,erhoeht,131,0.01,0,1.0,2.7015000000000002,0.0004506026308696054,0.0,0
anisotrop_vertikal_d0.68_t0,anisotrop,erhoeht,167,0.02,1,1.0,2.74,0.0062993418875130205,0.0,0
anisotrop_vertikal_d0.68_t0,anisotrop,erhoeht,167,0.02,0,1.0,2.72,0.00040328070077610853,0.0,0
anisotrop_vertikal_d0.68_t0,anisotrop,erhoeht,167,0.01,0,1.0,2.7415000000000003,0.00043033592013179265,0.0,0
anisotrop_vertikal_d0.68_t0.17,anisotrop,nominal,101,0.02,1,1.0,2.543,0.0031719045534620636,0.0,0
anisotrop_vertikal_d0.68_t0.17,anisotrop,nominal,101,0.02,0,1.0,2.56,0.00021122242118079394,0.0,0
anisotrop_vertikal_d0.68_t0.17,anisotrop,nominal,101,0.01,0,1.0,2.58,0.0002279228142704217,0.0,0
anisotrop_vertikal_d0.68_t0.17,anisotrop,nominal,131,0.02,1,1.0,2.56,0.002720948057158456,0.0,0
anisotrop_vertikal_d0.68_t0.17,anisotrop,nominal,131,0.02,0,1.0,2.56,0.00021189747932863913,0.0,0
anisotrop_vertikal_d0.68_t0.17,anisotrop,nominal,131,0.01,0,1.0,2.58,0.00022865589630249303,0.0,0
anisotrop_vertikal_d0.68_t0.17,anisotrop,nominal,167,0.02,1,1.0,2.5,0.0027013698895749258,0.0,0
anisotrop_vertikal_d0.68_t0.17,anisotrop,nominal,167,0.02,0,1.0,2.5,0.00018115689559720027,0.0,0
anisotrop_vertikal_d0.68_t0.17,anisotrop,nominal,167,0.01,0,1.0,2.52,0.0001957279052545885,0.0,0
anisotrop_vertikal_d0.68_t0.17,anisotrop,erhoeht,101,0.02,1,1.0,2.64,0.005636548502017391,0.0,0
anisotrop_vertikal_d0.68_t0.17,anisotrop,erhoeht,101,0.02,0,1.0,2.66,0.00033391027427517704,0.0,0
anisotrop_vertikal_d0.68_t0.17,anisotrop,erhoeht,101,0.01,0,1.0,2.68,0.00035734866901092024,0.0,0
anisotrop_vertikal_d0.68_t0.17,anisotrop,erhoeht,131,0.02,1,1.0,2.66,0.006066515168937642,0.0,0
anisotrop_vertikal_d0.68_t0.17,anisotrop,erhoeht,131,0.02,0,1.0,2.64,0.00031469071290185686,0.0,0
anisotrop_vertikal_d0.68_t0.17,anisotrop,erhoeht,131,0.01,0,1.0,2.67,0.0003370799761936865,0.0,0
anisotrop_vertikal_d0.68_t0.17,anisotrop,erhoeht,167,0.02,1,1.0,2.7030000000000003,0.005860543019751564,0.0,0
anisotrop_vertikal_d0.68_t0.17,anisotrop,erhoeht,167,0.02,0,1.0,2.7,0.00035911865502443775,0.0,0
anisotrop_vertikal_d0.68_t0.17,anisotrop,erhoeht,167,0.01,0,1.0,2.72,0.00038423485561317163,0.0,0
gerichtet_oben_d0.34_g0,gerichtet,nominal,101,0.02,1,1.0,2.56,0.0034484810258565654,0.0,0
gerichtet_oben_d0.34_g0,gerichtet,nominal,101,0.02,0,1.0,2.56,0.00020982347707013512,0.0,0
gerichtet_oben_d0.34_g0,gerichtet,nominal,101,0.01,0,1.0,2.58,0.00022658377289300858,0.0,0
gerichtet_oben_d0.34_g0,gerichtet,nominal,131,0.02,1,1.0,2.58,0.0031352927865161834,0.0,0
gerichtet_oben_d0.34_g0,gerichtet,nominal,131,0.02,0,1.0,2.56,0.00022349756785241702,0.0,0
gerichtet_oben_d0.34_g0,gerichtet,nominal,131,0.01,0,1.0,2.5915,0.00024102361491670597,0.0,0
gerichtet_oben_d0.34_g0,gerichtet,nominal,167,0.02,1,1.0,2.5,0.002996434507892882,0.0,0
gerichtet_oben_d0.34_g0,gerichtet,nominal,167,0.02,0,1.0,2.5,0.00018293830470932087,0.0,0
gerichtet_oben_d0.34_g0,gerichtet,nominal,167,0.01,0,1.0,2.5300000000000002,0.000197713631744843,0.0,0
gerichtet_oben_d0.34_g0,gerichtet,erhoeht,101,0.02,1,1.0,2.74,0.006202052903995742,0.0,0
gerichtet_oben_d0.34_g0,gerichtet,erhoeht,101,0.02,0,1.0,2.7600000000000002,0.0005273868600340088,0.0,0
gerichtet_oben_d0.34_g0,gerichtet,erhoeht,101,0.01,0,1.0,2.7800000000000002,0.0005595726207650135,0.0,0
gerichtet_oben_d0.34_g0,gerichtet,erhoeht,131,0.02,1,1.0,2.64,0.0065606139298596084,0.0,0
gerichtet_oben_d0.34_g0,gerichtet,erhoeht,131,0.02,0,1.0,2.62,0.00027750593109801016,0.0,0
gerichtet_oben_d0.34_g0,gerichtet,erhoeht,131,0.01,0,1.0,2.65,0.00029827064593035695,0.0,0
gerichtet_oben_d0.34_g0,gerichtet,erhoeht,167,0.02,1,1.0,2.7800000000000002,0.006555011041658985,0.0,0
gerichtet_oben_d0.34_g0,gerichtet,erhoeht,167,0.02,0,1.0,2.7600000000000002,0.00045311708711149223,0.0,0
gerichtet_oben_d0.34_g0,gerichtet,erhoeht,167,0.01,0,1.0,2.79,0.0004832562897835605,0.0,0
gerichtet_oben_d0.34_g0.17,gerichtet,nominal,101,0.02,1,1.0,2.56,0.003372366608518915,0.0,0
gerichtet_oben_d0.34_g0.17,gerichtet,nominal,101,0.02,0,1.0,2.56,0.00021415212867214735,0.0,0
gerichtet_oben_d0.34_g0.17,gerichtet,nominal,101,0.01,0,1.0,2.5815,0.00023106800484157654,0.0,0
gerichtet_oben_d0.34_g0.17,gerichtet,nominal,131,0.02,1,1.0,2.563,0.003062614054437056,0.0,0
gerichtet_oben_d0.34_g0.17,gerichtet,nominal,131,0.02,0,1.0,2.56,0.00022372419271090045,0.0,0
gerichtet_oben_d0.34_g0.17,gerichtet,nominal,131,0.01,0,1.0,2.59,0.00024114218203919304,0.0,0
gerichtet_oben_d0.34_g0.17,gerichtet,nominal,167,0.02,1,1.0,2.5,0.0029163836753502734,0.0,0
gerichtet_oben_d0.34_g0.17,gerichtet,nominal,167,0.02,0,1.0,2.5,0.00018715195923998176,0.0,0
gerichtet_oben_d0.34_g0.17,gerichtet,nominal,167,0.01,0,1.0,2.5300000000000002,0.00020206101722627226,0.0,0
gerichtet_oben_d0.34_g0.17,gerichtet,erhoeht,101,0.02,1,1.0,2.7,0.0060210970492377,0.0,0
gerichtet_oben_d0.34_g0.17,gerichtet,erhoeht,101,0.02,0,1.0,2.72,0.00046221591296350555,0.0,0
gerichtet_oben_d0.34_g0.17,gerichtet,erhoeht,101,0.01,0,1.0,2.75,0.0004913554497385503,0.0,0
gerichtet_oben_d0.34_g0.17,gerichtet,erhoeht,131,0.02,1,1.0,2.6630000000000003,0.0065003940075591725,0.0,0
gerichtet_oben_d0.34_g0.17,gerichtet,erhoeht,131,0.02,0,1.0,2.6430000000000002,0.00032493869544758915,0.0,0
gerichtet_oben_d0.34_g0.17,gerichtet,erhoeht,131,0.01,0,1.0,2.6715,0.0003478442342273995,0.0,0
gerichtet_oben_d0.34_g0.17,gerichtet,erhoeht,167,0.02,1,1.0,2.7600000000000002,0.006356394197172166,0.0,0
gerichtet_oben_d0.34_g0.17,gerichtet,erhoeht,167,0.02,0,1.0,2.7430000000000003,0.0004431613570839598,0.0,0
gerichtet_oben_d0.34_g0.17,gerichtet,erhoeht,167,0.01,0,1.0,2.7715,0.0004724637090765399,0.0,0
gerichtet_oben_d0.68_g0,gerichtet,nominal,101,0.02,1,1.0,2.54,0.0033823683735452123,0.0,0
gerichtet_oben_d0.68_g0,gerichtet,nominal,101,0.02,0,1.0,2.54,0.00019369620415515888,0.0,0
gerichtet_oben_d0.68_g0,gerichtet,nominal,101,0.01,0,1.0,2.57,0.00020951074099912918,0.0,0
gerichtet_oben_d0.68_g0,gerichtet,nominal,131,0.02,1,1.0,2.563,0.0029402622075882,0.0,0
gerichtet_oben_d0.68_g0,gerichtet,nominal,131,0.02,0,1.0,2.56,0.0002116413678603882,0.0,0
gerichtet_oben_d0.68_g0,gerichtet,nominal,131,0.01,0,1.0,2.59,0.00022855791269488628,0.0,0
gerichtet_oben_d0.68_g0,gerichtet,nominal,167,0.02,1,1.0,2.5,0.0028017259480687786,0.0,0
gerichtet_oben_d0.68_g0,gerichtet,nominal,167,0.02,0,1.0,2.5,0.00016726106285085393,0.0,0
gerichtet_oben_d0.68_g0,gerichtet,nominal,167,0.01,0,1.0,2.52,0.00018121439046336606,0.0,0
gerichtet_oben_d0.68_g0,gerichtet,erhoeht,101,0.02,1,1.0,2.7430000000000003,0.006100131669024119,0.0,0
gerichtet_oben_d0.68_g0,gerichtet,erhoeht,101,0.02,0,1.0,2.7600000000000002,0.0005235578562756742,0.0,0
gerichtet_oben_d0.68_g0,gerichtet,erhoeht,101,0.01,0,1.0,2.79,0.0005559059237911296,0.0,0
gerichtet_oben_d0.68_g0,gerichtet,erhoeht,131,0.02,1,1.0,2.56,0.006225745445315282,0.0,0
gerichtet_oben_d0.68_g0,gerichtet,erhoeht,131,0.02,0,1.0,2.543,0.00018218997790185525,0.0,0
gerichtet_oben_d0.68_g0,gerichtet,erhoeht,131,0.01,0,1.0,2.573,0.00019767100251516186,0.0,0
gerichtet_oben_d0.68_g0,gerichtet,erhoeht,167,0.02,1,1.0,2.7,0.006471445833154972,0.0,0
gerichtet_oben_d0.68_g0,gerichtet,erhoeht,167,0.02,0,1.0,2.68,0.0002795606805975558,0.0,0
gerichtet_oben_d0.68_g0,gerichtet,erhoeht,167,0.01,0,1.0,2.7,0.00030143417441684577,0.0,0
gerichtet_oben_d0.68_g0.17,gerichtet,nominal,101,0.02,1,1.0,2.543,0.0033174189375775004,0.0,0
gerichtet_oben_d0.68_g0.17,gerichtet,nominal,101,0.02,0,1.0,2.54,0.00020020660376286357,0.0,0
gerichtet_oben_d0.68_g0.17,gerichtet,nominal,101,0.01,0,1.0,2.57,0.00021634712873722336,0.0,0
gerichtet_oben_d0.68_g0.17,gerichtet,nominal,131,0.02,1,1.0,2.563,0.0028797411197140133,0.0,0
gerichtet_oben_d0.68_g0.17,gerichtet,nominal,131,0.02,0,1.0,2.56,0.00021892253558583727,0.0,0
gerichtet_oben_d0.68_g0.17,gerichtet,nominal,131,0.01,0,1.0,2.59,0.00023612784713504526,0.0,0
gerichtet_oben_d0.68_g0.17,gerichtet,nominal,167,0.02,1,1.0,2.5,0.002742840684325596,0.0,0
gerichtet_oben_d0.68_g0.17,gerichtet,nominal,167,0.02,0,1.0,2.5,0.00017762706513994652,0.0,0
gerichtet_oben_d0.68_g0.17,gerichtet,nominal,167,0.01,0,1.0,2.52,0.00019203028697811517,0.0,0
gerichtet_oben_d0.68_g0.17,gerichtet,erhoeht,101,0.02,1,1.0,2.72,0.005960217396177977,0.0,0
gerichtet_oben_d0.68_g0.17,gerichtet,erhoeht,101,0.02,0,1.0,2.74,0.0004914109938607128,0.0,0
gerichtet_oben_d0.68_g0.17,gerichtet,erhoeht,101,0.01,0,1.0,2.77,0.0005220931872088337,0.0,0
gerichtet_oben_d0.68_g0.17,gerichtet,erhoeht,131,0.02,1,1.0,2.58,0.006174524875016839,0.0,0
gerichtet_oben_d0.68_g0.17,gerichtet,erhoeht,131,0.02,0,1.0,2.58,0.00021271027705581946,0.0,0
gerichtet_oben_d0.68_g0.17,gerichtet,erhoeht,131,0.01,0,1.0,2.6015,0.00022991129269584216,0.0,0
gerichtet_oben_d0.68_g0.17,gerichtet,erhoeht,167,0.02,1,1.0,2.7030000000000003,0.0062953188442671235,0.0,0
gerichtet_oben_d0.68_g0.17,gerichtet,erhoeht,167,0.02,0,1.0,2.68,0.0003117036187311335,0.0,0
gerichtet_oben_d0.68_g0.17,gerichtet,erhoeht,167,0.01,0,1.0,2.71,0.00033489946679664853,0.0,0
gerichtet_unten_d0.34_g0,gerichtet,nominal,101,0.02,1,1.0,2.563,0.0034714253624321,0.0,0
gerichtet_unten_d0.34_g0,gerichtet,nominal,101,0.02,0,1.0,2.58,0.00023408388696165433,0.0,0
gerichtet_unten_d0.34_g0,gerichtet,nominal,101,0.01,0,1.0,2.6,0.00025204043888708415,0.0,0
gerichtet_unten_d0.34_g0,gerichtet,nominal,131,0.02,1,1.0,2.56,0.0032649097785324805,0.0,0
gerichtet_unten_d0.34_g0,gerichtet,nominal,131,0.02,0,1.0,2.56,0.0002024518548358582,0.0,0
gerichtet_unten_d0.34_g0,gerichtet,nominal,131,0.01,0,1.0,2.58,0.0002188543142598315,0.0,0
gerichtet_unten_d0.34_g0,gerichtet,nominal,167,0.02,1,1.0,2.503,0.0030444517717199064,0.0,0
gerichtet_unten_d0.34_g0,gerichtet,nominal,167,0.02,0,1.0,2.52,0.0002040431994346382,0.0,0
gerichtet_unten_d0.34_g0,gerichtet,nominal,167,0.01,0,1.0,2.54,0.00021983062697665054,0.0,0
gerichtet_unten_d0.34_g0,gerichtet,erhoeht,101,0.02,1,1.0,2.623,0.005985322063570939,0.0,0
gerichtet_unten_d0.34_g0,gerichtet,erhoeht,101,0.02,0,1.0,2.64,0.0003065442457575222,0.0,0
gerichtet_unten_d0.34_g0,gerichtet,erhoeht,101,0.01,0,1.0,2.6715,0.00032899616310479006,0.0,0
gerichtet_unten_d0.34_g0,gerichtet,erhoeht,131,0.02,1,1.0,2.786,0.006792806784684543,0.0,0
gerichtet_unten_d0.34_g0,gerichtet,erhoeht,131,0.02,0,1.0,2.7800000000000002,0.0006626870116778182,0.0,0
gerichtet_unten_d0.34_g0,gerichtet,erhoeht,131,0.01,0,1.0,2.8000000000000003,0.0006985790947096823,0.0,0
gerichtet_unten_d0.34_g0,gerichtet,erhoeht,167,0.02,1,1.0,2.8000000000000003,0.006294329563142292,0.0,0
gerichtet_unten_d0.34_g0,gerichtet,erhoeht,167,0.02,0,1.0,2.8000000000000003,0.0005229286296182426,0.0,0
gerichtet_unten_d0.34_g0,gerichtet,erhoeht,167,0.01,0,1.0,2.8215,0.0005561785911665507,0.0,0
gerichtet_unten_d0.34_g0.17,gerichtet,nominal,101,0.02,1,1.0,2.563,0.003379237705850187,0.0,0
gerichtet_unten_d0.34_g0.17,gerichtet,nominal,101,0.02,0,1.0,2.56,0.000224311565223105,0.0,0
gerichtet_unten_d0.34_g0.17,gerichtet,nominal,101,0.01,0,1.0,2.59,0.00024174378540891807,0.0,0
gerichtet_unten_d0.34_g0.17,gerichtet,nominal,131,0.02,1,1.0,2.56,0.0031218195149944404,0.0,0
gerichtet_unten_d0.34_g0.17,gerichtet,nominal,131,0.02,0,1.0,2.56,0.00021182777303611983,0.0,0
gerichtet_unten_d0.34_g0.17,gerichtet,nominal,131,0.01,0,1.0,2.58,0.00022863999584665112,0.0,0
gerichtet_unten_d0.34_g0.17,gerichtet,nominal,167,0.02,1,1.0,2.5,0.0029364071181888804,0.0,0
gerichtet_unten_d0.34_g0.17,gerichtet,nominal,167,0.02,0,1.0,2.5,0.00019181115126244008,0.0,0
gerichtet_unten_d0.34_g0.17,gerichtet,nominal,167,0.01,0,1.0,2.5300000000000002,0.0002069967505778896,0.0,0
gerichtet_unten_d0.34_g0.17,gerichtet,erhoeht,101,0.02,1,1.0,2.6430000000000002,0.005898759064604574,0.0,0
gerichtet_unten_d0.34_g0.17,gerichtet,erhoeht,101,0.02,0,1.0,2.66,0.0003490535095908977,0.0,0
gerichtet_unten_d0.34_g0.17,gerichtet,erhoeht,101,0.01,0,1.0,2.69,0.0003732786237946206,0.0,0
gerichtet_unten_d0.34_g0.17,gerichtet,erhoeht,131,0.02,1,1.0,2.7230000000000003,0.006616302114184748,0.0,0
gerichtet_unten_d0.34_g0.17,gerichtet,erhoeht,131,0.02,0,1.0,2.72,0.0004858241043272848,0.0,0
gerichtet_unten_d0.34_g0.17,gerichtet,erhoeht,131,0.01,0,1.0,2.74,0.0005154397894819717,0.0,0
gerichtet_unten_d0.34_g0.17,gerichtet,erhoeht,167,0.02,1,1.0,2.7800000000000002,0.006223102984676836,0.0,0
gerichtet_unten_d0.34_g0.17,gerichtet,erhoeht,167,0.02,0,1.0,2.7630000000000003,0.00047949256403115266,0.0,0
gerichtet_unten_d0.34_g0.17,gerichtet,erhoeht,167,0.01,0,1.0,2.7915,0.0005103940183329255,0.0,0
gerichtet_unten_d0.68_g0,gerichtet,nominal,101,0.02,1,1.0,2.563,0.00334798203713891,0.0,0
gerichtet_unten_d0.68_g0,gerichtet,nominal,101,0.02,0,1.0,2.563,0.0002320754820597854,0.0,0
gerichtet_unten_d0.68_g0,gerichtet,nominal,101,0.01,0,1.0,2.5915,0.00024988482540446843,0.0,0
gerichtet_unten_d0.68_g0,gerichtet,nominal,131,0.02,1,1.0,2.54,0.0030945374184136575,0.0,0
gerichtet_unten_d0.68_g0,gerichtet,nominal,131,0.02,0,1.0,2.54,0.00017794288963407845,0.0,0
gerichtet_unten_d0.68_g0,gerichtet,nominal,131,0.01,0,1.0,2.56,0.0001928822099809182,0.0,0
gerichtet_unten_d0.68_g0,gerichtet,nominal,167,0.02,1,1.0,2.503,0.002924542152422212,0.0,0
gerichtet_unten_d0.68_g0,gerichtet,nominal,167,0.02,0,1.0,2.52,0.00020484260181076417,0.0,0
gerichtet_unten_d0.68_g0,gerichtet,nominal,167,0.01,0,1.0,2.54,0.00022058616930267867,0.0,0
gerichtet_unten_d0.68_g0,gerichtet,erhoeht,101,0.02,1,1.0,2.56,0.005771796659818621,0.0,0
gerichtet_unten_d0.68_g0,gerichtet,erhoeht,101,0.02,0,1.0,2.56,0.00017884775350485995,0.0,0
gerichtet_unten_d0.68_g0,gerichtet,erhoeht,101,0.01,0,1.0,2.59,0.00019453489927650635,0.0,0
gerichtet_unten_d0.68_g0,gerichtet,erhoeht,131,0.02,1,1.0,2.809,0.006676759338457731,0.0,0
gerichtet_unten_d0.68_g0,gerichtet,erhoeht,131,0.02,0,1.0,2.8030000000000004,0.0007300136552638187,0.0,0
gerichtet_unten_d0.68_g0,gerichtet,erhoeht,131,0.01,0,1.0,2.8315,0.00076897862637458,0.0,0
gerichtet_unten_d0.68_g0,gerichtet,erhoeht,167,0.02,1,1.0,2.7600000000000002,0.005957316759206144,0.0,0
gerichtet_unten_d0.68_g0,gerichtet,erhoeht,167,0.02,0,1.0,2.74,0.0003909035005995806,0.0,0
gerichtet_unten_d0.68_g0,gerichtet,erhoeht,167,0.01,0,1.0,2.77,0.00041839188461758795,0.0,0
gerichtet_unten_d0.68_g0.17,gerichtet,nominal,101,0.02,1,1.0,2.563,0.0032767245480423094,0.0,0
gerichtet_unten_d0.68_g0.17,gerichtet,nominal,101,0.02,0,1.0,2.56,0.00022510624505298066,0.0,0
gerichtet_unten_d0.68_g0.17,gerichtet,nominal,101,0.01,0,1.0,2.59,0.00024256430181131923,0.0,0
gerichtet_unten_d0.68_g0.17,gerichtet,nominal,131,0.02,1,1.0,2.54,0.002979553534827063,0.0,0
gerichtet_unten_d0.68_g0.17,gerichtet,nominal,131,0.02,0,1.0,2.54,0.00018942796128939752,0.0,0
gerichtet_unten_d0.68_g0.17,gerichtet,nominal,131,0.01,0,1.0,2.57,0.00020500651793877345,0.0,0
gerichtet_unten_d0.68_g0.17,gerichtet,nominal,167,0.02,1,1.0,2.5,0.0028559834928206743,0.0,0
gerichtet_unten_d0.68_g0.17,gerichtet,nominal,167,0.02,0,1.0,2.5,0.00019123099391415047,0.0,0
gerichtet_unten_d0.68_g0.17,gerichtet,nominal,167,0.01,0,1.0,2.5300000000000002,0.00020635031395204896,0.0,0
gerichtet_unten_d0.68_g0.17,gerichtet,erhoeht,101,0.02,1,1.0,2.58,0.005651216787115477,0.0,0
gerichtet_unten_d0.68_g0.17,gerichtet,erhoeht,101,0.02,0,1.0,2.6,0.0002188863374191561,0.0,0
gerichtet_unten_d0.68_g0.17,gerichtet,erhoeht,101,0.01,0,1.0,2.62,0.0002366997281296605,0.0,0
gerichtet_unten_d0.68_g0.17,gerichtet,erhoeht,131,0.02,1,1.0,2.766,0.006518577708197821,0.0,0
gerichtet_unten_d0.68_g0.17,gerichtet,erhoeht,131,0.02,0,1.0,2.7600000000000002,0.0005712282477717133,0.0,0
gerichtet_unten_d0.68_g0.17,gerichtet,erhoeht,131,0.01,0,1.0,2.7800000000000002,0.0006044971306209946,0.0,0
gerichtet_unten_d0.68_g0.17,gerichtet,erhoeht,167,0.02,1,1.0,2.7430000000000003,0.005907142129773536,0.0,0
gerichtet_unten_d0.68_g0.17,gerichtet,erhoeht,167,0.02,0,1.0,2.74,0.0004052991745007676,0.0,0
gerichtet_unten_d0.68_g0.17,gerichtet,erhoeht,167,0.01,0,1.0,2.7615000000000003,0.00043297556872080856,0.0,0
gerichtet_links_d0.34_g0,gerichtet,nominal,101,0.02,1,1.0,2.563,0.003490132168214278,0.0,0
gerichtet_links_d0.34_g0,gerichtet,nominal,101,0.02,0,1.0,2.563,0.00022736830828319344,0.0,0
gerichtet_links_d0.34_g0,gerichtet,nominal,101,0.01,0,1.0,2.5915,0.0002450323963967941,0.0,0
gerichtet_links_d0.34_g0,gerichtet,nominal,131,0.02,1,1.0,2.58,0.003274873384202846,0.0,0
gerichtet_links_d0.34_g0,gerichtet,nominal,131,0.02,0,1.0,2.58,0.00023569108790507306,0.0,0
gerichtet_links_d0.34_g0,gerichtet,nominal,131,0.01,0,1.0,2.6,0.00025364207061055483,0.0,0
gerichtet_links_d0.34_g0,gerichtet,nominal,167,0.02,1,1.0,2.543,0.003092669091371941,0.0,0
gerichtet_links_d0.34_g0,gerichtet,nominal,167,0.02,0,1.0,2.54,0.0002554042369947542,0.0,0
gerichtet_links_d0.34_g0,gerichtet,nominal,167,0.01,0,1.0,2.57,0.0002736659600575098,0.0,0
gerichtet_links_d0.34_g0,gerichtet,erhoeht,101,0.02,1,1.0,2.68,0.006018208261849067,0.0,0
gerichtet_links_d0.34_g0,gerichtet,erhoeht,101,0.02,0,1.0,2.7030000000000003,0.00043721318897579117,0.0,0
gerichtet_links_d0.34_g0,gerichtet,erhoeht,101,0.01,0,1.0,2.7315,0.00046529268673156193,0.0,0
gerichtet_links_d0.34_g0,gerichtet,erhoeht,131,0.02,1,1.0,2.7230000000000003,0.006585918335656393,0.0,0
gerichtet_links_d0.34_g0,gerichtet,erhoeht,131,0.02,0,1.0,2.72,0.0004768794312852222,0.0,0
gerichtet_links_d0.34_g0,gerichtet,erhoeht,131,0.01,0,1.0,2.74,0.0005063847718502653,0.0,0
gerichtet_links_d0.34_g0,gerichtet,erhoeht,167,0.02,1,1.0,2.823,0.006278587505197774,0.0,0
gerichtet_links_d0.34_g0,gerichtet,erhoeht,167,0.02,0,1.0,2.82,0.0006532574178017106,0.0,0
gerichtet_links_d0.34_g0,gerichtet,erhoeht,167,0.01,0,1.0,2.84,0.0006901242633548487,0.0,0
gerichtet_links_d0.34_g0.17,gerichtet,nominal,101,0.02,1,1.0,2.563,0.003419910933825696,0.0,0
gerichtet_links_d0.34_g0.17,gerichtet,nominal,101,0.02,0,1.0,2.56,0.00022327371826931803,0.0,0
gerichtet_links_d0.34_g0.17,gerichtet,nominal,101,0.01,0,1.0,2.59,0.00024067144751306914,0.0,0
gerichtet_links_d0.34_g0.17,gerichtet,nominal,131,0.02,1,1.0,2.563,0.0031550109870933348,0.0,0
gerichtet_links_d0.34_g0.17,gerichtet,nominal,131,0.02,0,1.0,2.56,0.0002260594245513223,0.0,0
gerichtet_links_d0.34_g0.17,gerichtet,nominal,131,0.01,0,1.0,2.59,0.00024356309945391976,0.0,0
gerichtet_links_d0.34_g0.17,gerichtet,nominal,167,0.02,1,1.0,2.52,0.0029939040821769674,0.0,0
gerichtet_links_d0.34_g0.17,gerichtet,nominal,167,0.02,0,1.0,2.52,0.0002117365239739654,0.0,0
gerichtet_links_d0.34_g0.17,gerichtet,nominal,167,0.01,0,1.0,2.5500000000000003,0.00022794864341914406,0.0,0
gerichtet_links_d0.34_g0.17,gerichtet,erhoeht,101,0.02,1,1.0,2.68,0.00590986444982459,0.0,0
gerichtet_links_d0.34_g0.17,gerichtet,erhoeht,101,0.02,0,1.0,2.7,0.00042433414094945123,0.0,0
gerichtet_links_d0.34_g0.17,gerichtet,erhoeht,101,0.01,0,1.0,2.7215000000000003,0.0004516923334021801,0.0,0
gerichtet_links_d0.34_g0.17,gerichtet,erhoeht,131,0.02,1,1.0,2.7030000000000003,0.00653041414051939,0.0,0
gerichtet_links_d0.34_g0.17,gerichtet,erhoeht,131,0.02,0,1.0,2.7,0.0004240961907716226,0.0,0
gerichtet_links_d0.34_g0.17,gerichtet,erhoeht,131,0.01,0,1.0,2.72,0.0004512368326036862,0.0,0
gerichtet_links_d0.34_g0.17,gerichtet,erhoeht,167,0.02,1,1.0,2.7830000000000004,0.00614441077832535,0.0,0
gerichtet_links_d0.34_g0.17,gerichtet,erhoeht,167,0.02,0,1.0,2.7800000000000002,0.0005195292882651287,0.0,0
gerichtet_links_d0.34_g0.17,gerichtet,erhoeht,167,0.01,0,1.0,2.8000000000000003,0.0005517053966177586,0.0,0
gerichtet_links_d0.68_g0,gerichtet,nominal,101,0.02,1,1.0,2.563,0.0033983866854099907,0.0,0
gerichtet_links_d0.68_g0,gerichtet,nominal,101,0.02,0,1.0,2.56,0.00021950288059689925,0.0,0
gerichtet_links_d0.68_g0,gerichtet,nominal,101,0.01,0,1.0,2.59,0.00023668325701640781,0.0,0
gerichtet_links_d0.68_g0,gerichtet,nominal,131,0.02,1,1.0,2.58,0.003173825110359599,0.0,0
gerichtet_links_d0.68_g0,gerichtet,nominal,131,0.02,0,1.0,2.563,0.00023853473149452732,0.0,0
gerichtet_links_d0.68_g0,gerichtet,nominal,131,0.01,0,1.0,2.6,0.00025656196289036107,0.0,0
gerichtet_links_d0.68_g0,gerichtet,nominal,167,0.02,1,1.0,2.563,0.003053196381432602,0.0,0
gerichtet_links_d0.68_g0,gerichtet,nominal,167,0.02,0,1.0,2.56,0.0002789608867400988,0.0,0
gerichtet_links_d0.68_g0,gerichtet,nominal,167,0.01,0,1.0,2.5915,0.00029856834041586594,0.0,0
gerichtet_links_d0.68_g0,gerichtet,erhoeht,101,0.02,1,1.0,2.66,0.005763096074275123,0.0,0
gerichtet_links_d0.68_g0,gerichtet,erhoeht,101,0.02,0,1.0,2.6830000000000003,0.0003942421402874022,0.0,0
gerichtet_links_d0.68_g0,gerichtet,erhoeht,101,0.01,0,1.0,2.7115,0.000420349505430869,0.0,0
gerichtet_links_d0.68_g0,gerichtet,erhoeht,131,0.02,1,1.0,2.7030000000000003,0.006358840774783515,0.0,0
gerichtet_links_d0.68_g0,gerichtet,erhoeht,131,0.02,0,1.0,2.7,0.0004493600861587075,0.0,0
gerichtet_links_d0.68_g0,gerichtet,erhoeht,131,0.01,0,1.0,2.73,0.0004775368608155979,0.0,0
gerichtet_links_d0.68_g0,gerichtet,erhoeht,167,0.02,1,1.0,2.786,0.005819068540961462,0.0,0
gerichtet_links_d0.68_g0,gerichtet,erhoeht,167,0.02,0,1.0,2.8000000000000003,0.0006482871395983652,0.0,0
gerichtet_links_d0.68_g0,gerichtet,erhoeht,167,0.01,0,1.0,2.8215,0.0006841139859087251,0.0,0
gerichtet_links_d0.68_g0.17,gerichtet,nominal,101,0.02,1,1.0,2.56,0.003336439189407944,0.0,0
gerichtet_links_d0.68_g0.17,gerichtet,nominal,101,0.02,0,1.0,2.56,0.00021915594966116265,0.0,0
gerichtet_links_d0.68_g0.17,gerichtet,nominal,101,0.01,0,1.0,2.59,0.00023631956345829852,0.0,0
gerichtet_links_d0.68_g0.17,gerichtet,nominal,131,0.02,1,1.0,2.563,0.0030720059847452173,0.0,0
gerichtet_links_d0.68_g0.17,gerichtet,nominal,131,0.02,0,1.0,2.56,0.000229607774916787,0.0,0
gerichtet_links_d0.68_g0.17,gerichtet,nominal,131,0.01,0,1.0,2.59,0.0002472412256558373,0.0,0
gerichtet_links_d0.68_g0.17,gerichtet,nominal,167,0.02,1,1.0,2.543,0.002961930638211138,0.0,0
gerichtet_links_d0.68_g0.17,gerichtet,nominal,167,0.02,0,1.0,2.54,0.00024061291286918318,0.0,0
gerichtet_links_d0.68_g0.17,gerichtet,nominal,167,0.01,0,1.0,2.57,0.0002583959384871565,0.0,0
gerichtet_links_d0.68_g0.17,gerichtet,erhoeht,101,0.02,1,1.0,2.66,0.005631749047519423,0.0,0
gerichtet_links_d0.68_g0.17,gerichtet,erhoeht,101,0.02,0,1.0,2.6830000000000003,0.00040393881999587015,0.0,0
gerichtet_links_d0.68_g0.17,gerichtet,erhoeht,101,0.01,0,1.0,2.7115,0.0004303288076441755,0.0,0
gerichtet_links_d0.68_g0.17,gerichtet,erhoeht,131,0.02,1,1.0,2.686,0.006243102602125113,0.0,0
gerichtet_links_d0.68_g0.17,gerichtet,erhoeht,131,0.02,0,1.0,2.68,0.0004113035659386828,0.0,0
gerichtet_links_d0.68_g0.17,gerichtet,erhoeht,131,0.01,0,1.0,2.71,0.0004379196687113927,0.0,0
gerichtet_links_d0.68_g0.17,gerichtet,erhoeht,167,0.02,1,1.0,2.7630000000000003,0.005709029288870939,0.0,0
gerichtet_links_d0.68_g0.17,gerichtet,erhoeht,167,0.02,0,1.0,2.7600000000000002,0.0005293752409987507,0.0,0
gerichtet_links_d0.68_g0.17,gerichtet,erhoeht,167,0.01,0,1.0,2.79,0.0005612779708214769,0.0,0
gerichtet_rechts_d0.34_g0,gerichtet,nominal,101,0.02,1,1.0,2.543,0.0034709019081029906,0.0,0
gerichtet_rechts_d0.34_g0,gerichtet,nominal,101,0.02,0,1.0,2.56,0.00020458491505615265,0.0,0
gerichtet_rechts_d0.34_g0,gerichtet,nominal,101,0.01,0,1.0,2.58,0.00022111682014471816,0.0,0
gerichtet_rechts_d0.34_g0,gerichtet,nominal,131,0.02,1,1.0,2.56,0.0031469358063671983,0.0,0
gerichtet_rechts_d0.34_g0,gerichtet,nominal,131,0.02,0,1.0,2.56,0.0002096926655016501,0.0,0
gerichtet_rechts_d0.34_g0,gerichtet,nominal,131,0.01,0,1.0,2.5815,0.00022643708439262346,0.0,0
gerichtet_rechts_d0.34_g0,gerichtet,nominal,167,0.02,1,1.0,2.463,0.0029603054408981057,0.0,0
gerichtet_rechts_d0.34_g0,gerichtet,nominal,167,0.02,0,1.0,2.48,0.0001459808251290099,0.0,0
gerichtet_rechts_d0.34_g0,gerichtet,nominal,167,0.01,0,1.0,2.5,0.0001587304925931867,0.0,0
gerichtet_rechts_d0.34_g0,gerichtet,erhoeht,101,0.02,1,1.0,2.68,0.0060386248550805465,0.0,0
gerichtet_rechts_d0.34_g0,gerichtet,erhoeht,101,0.02,0,1.0,2.7030000000000003,0.00042959612051514433,0.0,0
gerichtet_rechts_d0.34_g0,gerichtet,erhoeht,101,0.01,0,1.0,2.7315,0.0004574627081757828,0.0,0
gerichtet_rechts_d0.34_g0,gerichtet,erhoeht,131,0.02,1,1.0,2.6630000000000003,0.006828886246418808,0.0,0
gerichtet_rechts_d0.34_g0,gerichtet,erhoeht,131,0.02,0,1.0,2.66,0.00035453980525653605,0.0,0
gerichtet_rechts_d0.34_g0,gerichtet,erhoeht,131,0.01,0,1.0,2.69,0.0003788676665882924,0.0,0
gerichtet_rechts_d0.34_g0,gerichtet,erhoeht,167,0.02,1,1.0,2.7800000000000002,0.006548276331362449,0.0,0
gerichtet_rechts_d0.34_g0,gerichtet,erhoeht,167,0.02,0,1.0,2.7800000000000002,0.0004933150802025606,0.0,0
gerichtet_rechts_d0.34_g0,gerichtet,erhoeht,167,0.01,0,1.0,2.8000000000000003,0.0005247735546382722,0.0,0
gerichtet_rechts_d0.34_g0.17,gerichtet,nominal,101,0.02,1,1.0,2.56,0.003409313803840303,0.0,0
gerichtet_rechts_d0.34_g0.17,gerichtet,nominal,101,0.02,0,1.0,2.56,0.00021389904825404944,0.0,0
gerichtet_rechts_d0.34_g0.17,gerichtet,nominal,101,0.01,0,1.0,2.5815,0.00023081259603369,0.0,0
gerichtet_rechts_d0.34_g0.17,gerichtet,nominal,131,0.02,1,1.0,2.56,0.0031002554683089403,0.0,0
gerichtet_rechts_d0.34_g0.17,gerichtet,nominal,131,0.02,0,1.0,2.56,0.00021570871525878758,0.0,0
gerichtet_rechts_d0.34_g0.17,gerichtet,nominal,131,0.01,0,1.0,2.5815,0.00023270912653893268,0.0,0
gerichtet_rechts_d0.34_g0.17,gerichtet,nominal,167,0.02,1,1.0,2.48,0.0029286811454613624,0.0,0
gerichtet_rechts_d0.34_g0.17,gerichtet,nominal,167,0.02,0,1.0,2.48,0.00016428930213536284,0.0,0
gerichtet_rechts_d0.34_g0.17,gerichtet,nominal,167,0.01,0,1.0,2.5100000000000002,0.00017802649488459624,0.0,0
gerichtet_rechts_d0.34_g0.17,gerichtet,erhoeht,101,0.02,1,1.0,2.68,0.005870370751450436,0.0,0
gerichtet_rechts_d0.34_g0.17,gerichtet,erhoeht,101,0.02,0,1.0,2.7,0.00040948134223740574,0.0,0
gerichtet_rechts_d0.34_g0.17,gerichtet,erhoeht,101,0.01,0,1.0,2.72,0.0004363786500695228,0.0,0
gerichtet_rechts_d0.34_g0.17,gerichtet,erhoeht,131,0.02,1,1.0,2.666,0.006636197363594902,0.0,0
gerichtet_rechts_d0.34_g0.17,gerichtet,erhoeht,131,0.02,0,1.0,2.66,0.0003765884470860037,0.0,0
gerichtet_rechts_d0.34_g0.17,gerichtet,erhoeht,131,0.01,0,1.0,2.69,0.0004015936060555299,0.0,0
gerichtet_rechts_d0.34_g0.17,gerichtet,erhoeht,167,0.02,1,1.0,2.7600000000000002,0.006264513125589503,0.0,0
gerichtet_rechts_d0.34_g0.17,gerichtet,erhoeht,167,0.02,0,1.0,2.7600000000000002,0.0004603679175862141,0.0,0
gerichtet_rechts_d0.34_g0.17,gerichtet,erhoeht,167,0.01,0,1.0,2.7800000000000002,0.0004903611443311789,0.0,0
gerichtet_rechts_d0.68_g0,gerichtet,nominal,101,0.02,1,1.0,2.523,0.003386131854129443,0.0,0
gerichtet_rechts_d0.68_g0,gerichtet,nominal,101,0.02,0,1.0,2.54,0.0001810492863963994,0.0,0
gerichtet_rechts_d0.68_g0,gerichtet,nominal,101,0.01,0,1.0,2.5615,0.00019626313076845692,0.0,0
gerichtet_rechts_d0.68_g0,gerichtet,nominal,131,0.02,1,1.0,2.543,0.003010096717381977,0.0,0
gerichtet_rechts_d0.68_g0,gerichtet,nominal,131,0.02,0,1.0,2.54,0.00019567354344041305,0.0,0
gerichtet_rechts_d0.68_g0,gerichtet,nominal,131,0.01,0,1.0,2.5715,0.00021161673786241765,0.0,0
gerichtet_rechts_d0.68_g0,gerichtet,nominal,167,0.02,1,1.0,2.44,0.0028094695114108444,0.0,0
gerichtet_rechts_d0.68_g0,gerichtet,nominal,167,0.02,0,1.0,2.44,0.0001148604924147365,0.0,0
gerichtet_rechts_d0.68_g0,gerichtet,nominal,167,0.01,0,1.0,2.47,0.00012563539024985869,0.0,0
gerichtet_rechts_d0.68_g0,gerichtet,erhoeht,101,0.02,1,1.0,2.6630000000000003,0.005809325927736425,0.0,0
gerichtet_rechts_d0.68_g0,gerichtet,erhoeht,101,0.02,0,1.0,2.68,0.00039903575835535427,0.0,0
gerichtet_rechts_d0.68_g0,gerichtet,erhoeht,101,0.01,0,1.0,2.71,0.00042527944714375657,0.0,0
gerichtet_rechts_d0.68_g0,gerichtet,erhoeht,131,0.02,1,1.0,2.606,0.0065897768093754775,0.0,0
gerichtet_rechts_d0.68_g0,gerichtet,erhoeht,131,0.02,0,1.0,2.6,0.00024260850820428354,0.0,0
gerichtet_rechts_d0.68_g0,gerichtet,erhoeht,131,0.01,0,1.0,2.63,0.00026170345568849585,0.0,0
gerichtet_rechts_d0.68_g0,gerichtet,erhoeht,167,0.02,1,1.0,2.7430000000000003,0.006228239649965978,0.0,0
gerichtet_rechts_d0.68_g0,gerichtet,erhoeht,167,0.02,0,1.0,2.72,0.00041754807672800677,0.0,0
gerichtet_rechts_d0.68_g0,gerichtet,erhoeht,167,0.01,0,1.0,2.75,0.0004451532960591959,0.0,0
gerichtet_rechts_d0.68_g0.17,gerichtet,nominal,101,0.02,1,1.0,2.543,0.003324986665154273,0.0,0
gerichtet_rechts_d0.68_g0.17,gerichtet,nominal,101,0.02,0,1.0,2.54,0.00019497541194522314,0.0,0
gerichtet_rechts_d0.68_g0.17,gerichtet,nominal,101,0.01,0,1.0,2.57,0.00021087123688305495,0.0,0
gerichtet_rechts_d0.68_g0.17,gerichtet,nominal,131,0.02,1,1.0,2.56,0.002952942469400893,0.0,0
gerichtet_rechts_d0.68_g0.17,gerichtet,nominal,131,0.02,0,1.0,2.56,0.00020330166445309945,0.0,0
gerichtet_rechts_d0.68_g0.17,gerichtet,nominal,131,0.01,0,1.0,2.58,0.00021963672670652088,0.0,0
gerichtet_rechts_d0.68_g0.17,gerichtet,nominal,167,0.02,1,1.0,2.443,0.002778419114393184,0.0,0
gerichtet_rechts_d0.68_g0.17,gerichtet,nominal,167,0.02,0,1.0,2.46,0.00012920432488485264,0.0,0
gerichtet_rechts_d0.68_g0.17,gerichtet,nominal,167,0.01,0,1.0,2.48,0.00014086138688883587,0.0,0
gerichtet_rechts_d0.68_g0.17,gerichtet,erhoeht,101,0.02,1,1.0,2.66,0.005666603195407404,0.0,0
gerichtet_rechts_d0.68_g0.17,gerichtet,erhoeht,101,0.02,0,1.0,2.68,0.00037862017338411054,0.0,0
gerichtet_rechts_d0.68_g0.17,gerichtet,erhoeht,101,0.01,0,1.0,2.7015000000000002,0.00040407542802872254,0.0,0
gerichtet_rechts_d0.68_g0.17,gerichtet,erhoeht,131,0.02,1,1.0,2.6430000000000002,0.006384968951094158,0.0,0
gerichtet_rechts_d0.68_g0.17,gerichtet,erhoeht,131,0.02,0,1.0,2.62,0.00028806191019846905,0.0,0
gerichtet_rechts_d0.68_g0.17,gerichtet,erhoeht,131,0.01,0,1.0,2.6415,0.000309040631084153,0.0,0
gerichtet_rechts_d0.68_g0.17,gerichtet,erhoeht,167,0.02,1,1.0,2.7230000000000003,0.006004140590462268,0.0,0
gerichtet_rechts_d0.68_g0.17,gerichtet,erhoeht,167,0.02,0,1.0,2.72,0.00039484399350878883,0.0,0
gerichtet_rechts_d0.68_g0.17,gerichtet,erhoeht,167,0.01,0,1.0,2.7415000000000003,0.0004216212310465145,0.0,0
