task,seed,noise_sigma,readout,event_activity,accuracy,separability_ratio,repeatability_rmse
kontinuitaet,503,0.15,mittelwert_steigung,nan,0.9458333333333333,1.1365711331020332,0.04505025745583442
kontinuitaet,503,0.15,mittelwert_steigung_normiert,nan,0.9333333333333333,1.233993664924956,0.04075234684605032
kontinuitaet,503,0.15,ereignis_t0.05_l0,68.11875,0.8291666666666667,1.2588827691508329,1.5137678340999177
kontinuitaet,503,0.15,ereignis_t0.05_l0.8,68.11875,0.8791666666666667,1.28775156899456,0.7252203909468992
kontinuitaet,503,0.15,ereignis_t0.05_l1.6,68.11875,0.85,1.4118912664222005,0.4898067539871051
kontinuitaet,503,0.15,ereignis_t0.05_l3.2,68.11875,0.7875,0.8609011549165744,0.3352503143841925
kontinuitaet,503,0.15,ereignis_t0.1_l0,26.854166666666664,0.8375,0.9401080462102204,0.7101997469413486
kontinuitaet,503,0.15,ereignis_t0.1_l0.8,26.854166666666664,0.8583333333333333,1.1707674553546912,0.3487323269094724
kontinuitaet,503,0.15,ereignis_t0.1_l1.6,26.854166666666664,0.8291666666666667,0.9308014693210372,0.24970073143940866
kontinuitaet,503,0.15,ereignis_t0.1_l3.2,26.854166666666664,0.675,0.4890730635997457,0.18635477011505108
kontinuitaet,503,0.15,ereignis_t0.2_l0,9.6375,0.6958333333333333,0.6635560215771585,0.37273622263829775
kontinuitaet,503,0.15,ereignis_t0.2_l0.8,9.6375,0.7166666666666667,0.6141815003294248,0.193024590766412
kontinuitaet,503,0.15,ereignis_t0.2_l1.6,9.6375,0.65,0.5274012566883708,0.1444288677822033
kontinuitaet,503,0.15,ereignis_t0.2_l3.2,9.6375,0.49166666666666664,0.5281983768135226,0.11277495495114644
kontinuitaet,503,0.35,mittelwert_steigung,nan,0.9666666666666667,0.8694127105223748,0.04912280103601892
kontinuitaet,503,0.35,mittelwert_steigung_normiert,nan,0.9375,0.9612692572445337,0.04377045723199167
kontinuitaet,503,0.35,ereignis_t0.05_l0,88.4,0.7041666666666667,0.725355534291614,2.0719899519812133
kontinuitaet,503,0.35,ereignis_t0.05_l0.8,88.4,0.8,0.8442873198459684,1.0432150835149596
kontinuitaet,503,0.35,ereignis_t0.05_l1.6,88.4,0.7958333333333333,0.7051479103377574,0.7092245043469843
kontinuitaet,503,0.35,ereignis_t0.05_l3.2,88.4,0.7458333333333333,0.5567182383816767,0.4934046956935407
kontinuitaet,503,0.35,ereignis_t0.1_l0,32.49166666666667,0.7291666666666666,0.746131125216796,0.9130848582324281
kontinuitaet,503,0.35,ereignis_t0.1_l0.8,32.49166666666667,0.8083333333333333,0.6900653747243386,0.455818686809027
kontinuitaet,503,0.35,ereignis_t0.1_l1.6,32.49166666666667,0.7416666666666667,0.5933944032175136,0.31823637424209544
kontinuitaet,503,0.35,ereignis_t0.1_l3.2,32.49166666666667,0.6375,0.491701726033673,0.2362090810366017
kontinuitaet,503,0.35,ereignis_t0.2_l0,10.666666666666666,0.6125,0.6853078836761627,0.4006830106206152
kontinuitaet,503,0.35,ereignis_t0.2_l0.8,10.666666666666666,0.6625,0.7570144598258177,0.2089399342743492
kontinuitaet,503,0.35,ereignis_t0.2_l1.6,10.666666666666666,0.5666666666666667,0.5672652673499253,0.15683245337068544
kontinuitaet,503,0.35,ereignis_t0.2_l3.2,10.666666666666666,0.43333333333333335,0.1979903490260316,0.12558223653029038
kontinuitaet,503,0.55,mittelwert_steigung,nan,0.8666666666666667,0.769978399123428,0.048324281400071924
kontinuitaet,503,0.55,mittelwert_steigung_normiert,nan,0.8416666666666667,0.8154354703935494,0.04290060405843702
kontinuitaet,503,0.55,ereignis_t0.05_l0,106.91458333333333,0.5333333333333333,0.6527127680404432,2.1754230112274207
kontinuitaet,503,0.55,ereignis_t0.05_l0.8,106.91458333333333,0.6375,0.739819564060272,1.1317360170693576
kontinuitaet,503,0.55,ereignis_t0.05_l1.6,106.91458333333333,0.65,0.7869601373044618,0.7750940707766019
kontinuitaet,503,0.55,ereignis_t0.05_l3.2,106.91458333333333,0.6333333333333333,0.679146565815978,0.5297080091647692
kontinuitaet,503,0.55,ereignis_t0.1_l0,37.39791666666667,0.5333333333333333,0.6959201353455616,0.9888484113126519
kontinuitaet,503,0.55,ereignis_t0.1_l0.8,37.39791666666667,0.65,0.7555112066751951,0.5087107647134839
kontinuitaet,503,0.55,ereignis_t0.1_l1.6,37.39791666666667,0.6208333333333333,0.6851418209622129,0.35814770712346766
kontinuitaet,503,0.55,ereignis_t0.1_l3.2,37.39791666666667,0.5125,0.5552851801716122,0.259473512095907
kontinuitaet,503,0.55,ereignis_t0.2_l0,11.710416666666667,0.4791666666666667,0.43203173139561635,0.44409708648247426
kontinuitaet,503,0.55,ereignis_t0.2_l0.8,11.710416666666667,0.5916666666666667,0.571666596924907,0.2319716752012847
kontinuitaet,503,0.55,ereignis_t0.2_l1.6,11.710416666666667,0.5041666666666667,0.5128522317604001,0.17142997400279006
kontinuitaet,503,0.55,ereignis_t0.2_l3.2,11.710416666666667,0.3375,0.4166017740307881,0.1354000084803057
kontinuitaet,541,0.15,mittelwert_steigung,nan,0.9708333333333333,1.2116531647850395,0.0519087336519232
kontinuitaet,541,0.15,mittelwert_steigung_normiert,nan,0.9333333333333333,1.4042575325350235,0.04526268163263732
kontinuitaet,541,0.15,ereignis_t0.05_l0,68.58125,0.8291666666666667,1.0019301917251544,1.665859179389289
kontinuitaet,541,0.15,ereignis_t0.05_l0.8,68.58125,0.8875,0.970524787546013,0.8095442203692776
kontinuitaet,541,0.15,ereignis_t0.05_l1.6,68.58125,0.8416666666666667,1.0791110558566137,0.5437946038129348
kontinuitaet,541,0.15,ereignis_t0.05_l3.2,68.58125,0.7791666666666667,0.9945032767212456,0.36559063115738855
kontinuitaet,541,0.15,ereignis_t0.1_l0,27.352083333333333,0.8291666666666667,1.0061051986931437,0.7386878381442477
kontinuitaet,541,0.15,ereignis_t0.1_l0.8,27.352083333333333,0.8291666666666667,1.0915125847423854,0.37136648535847466
kontinuitaet,541,0.15,ereignis_t0.1_l1.6,27.352083333333333,0.8,1.1679280115643114,0.26443298547383887
kontinuitaet,541,0.15,ereignis_t0.1_l3.2,27.352083333333333,0.7291666666666666,0.6522296958461495,0.19414352798303608
kontinuitaet,541,0.15,ereignis_t0.2_l0,9.745833333333334,0.65,0.7428892674190496,0.3829028379802549
kontinuitaet,541,0.15,ereignis_t0.2_l0.8,9.745833333333334,0.7,0.6753007283559356,0.19940379762683366
kontinuitaet,541,0.15,ereignis_t0.2_l1.6,9.745833333333334,0.6166666666666667,0.6270214970429663,0.14715945336444022
kontinuitaet,541,0.15,ereignis_t0.2_l3.2,9.745833333333334,0.525,0.43213195768012014,0.11341980814442582
kontinuitaet,541,0.35,mittelwert_steigung,nan,0.9791666666666666,1.0979220940120056,0.04741672530955556
kontinuitaet,541,0.35,mittelwert_steigung_normiert,nan,0.9458333333333333,1.1722879259606152,0.04305970881220165
kontinuitaet,541,0.35,ereignis_t0.05_l0,91.52916666666667,0.6708333333333333,0.6135334442425695,2.0947499685059205
kontinuitaet,541,0.35,ereignis_t0.05_l0.8,91.52916666666667,0.7291666666666666,1.0148938434186237,1.077825667006866
kontinuitaet,541,0.35,ereignis_t0.05_l1.6,91.52916666666667,0.7625,1.003637874169385,0.7374781743026133
kontinuitaet,541,0.35,ereignis_t0.05_l3.2,91.52916666666667,0.7166666666666667,0.8428164744130675,0.5038211760932632
kontinuitaet,541,0.35,ereignis_t0.1_l0,33.7375,0.6791666666666667,0.7135246640840397,0.9079605504156615
kontinuitaet,541,0.35,ereignis_t0.1_l0.8,33.7375,0.7666666666666667,1.030403259154399,0.473288066077213
kontinuitaet,541,0.35,ereignis_t0.1_l1.6,33.7375,0.7208333333333333,0.9883655384354443,0.33974602785680424
kontinuitaet,541,0.35,ereignis_t0.1_l3.2,33.7375,0.6166666666666667,0.7337052390519353,0.24957788291958863
kontinuitaet,541,0.35,ereignis_t0.2_l0,11.05,0.5416666666666666,0.6008237191684505,0.4379462010338713
kontinuitaet,541,0.35,ereignis_t0.2_l0.8,11.05,0.6125,0.6842696726178292,0.23207626659060152
kontinuitaet,541,0.35,ereignis_t0.2_l1.6,11.05,0.5208333333333334,0.5475493205220446,0.17144417365561776
kontinuitaet,541,0.35,ereignis_t0.2_l3.2,11.05,0.42083333333333334,0.3278534778568953,0.13316404531221437
kontinuitaet,541,0.55,mittelwert_steigung,nan,0.8416666666666667,0.5862279295934844,0.04984924696697704
kontinuitaet,541,0.55,mittelwert_steigung_normiert,nan,0.7625,0.623107735471857,0.04518225170925882
kontinuitaet,541,0.55,ereignis_t0.05_l0,105.20416666666667,0.5541666666666667,0.5358916989404946,2.038113404597497
kontinuitaet,541,0.55,ereignis_t0.05_l0.8,105.20416666666667,0.6375,0.4895007358453305,1.050963898536641
kontinuitaet,541,0.55,ereignis_t0.05_l1.6,105.20416666666667,0.6416666666666667,0.3976983386090035,0.7341667655992038
kontinuitaet,541,0.55,ereignis_t0.05_l3.2,105.20416666666667,0.5958333333333333,0.2726297994171648,0.5283585683915298
kontinuitaet,541,0.55,ereignis_t0.1_l0,37.204166666666666,0.5666666666666667,0.4192841234962956,0.9315086329891599
kontinuitaet,541,0.55,ereignis_t0.1_l0.8,37.204166666666666,0.6458333333333334,0.5786620018682512,0.4806317014806648
kontinuitaet,541,0.55,ereignis_t0.1_l1.6,37.204166666666666,0.6375,0.49639207750229036,0.34824298182088426
kontinuitaet,541,0.55,ereignis_t0.1_l3.2,37.204166666666666,0.5125,0.3669722581921378,0.26388319097859253
kontinuitaet,541,0.55,ereignis_t0.2_l0,11.566666666666666,0.4083333333333333,0.3309135139530601,0.4133723939876865
kontinuitaet,541,0.55,ereignis_t0.2_l0.8,11.566666666666666,0.525,0.6665046549088012,0.21532895564616655
kontinuitaet,541,0.55,ereignis_t0.2_l1.6,11.566666666666666,0.45416666666666666,0.5587810235710623,0.1605281675065851
kontinuitaet,541,0.55,ereignis_t0.2_l3.2,11.566666666666666,0.30833333333333335,0.39405553981774644,0.12661970782530377
kontinuitaet,577,0.15,mittelwert_steigung,nan,0.9916666666666667,1.3717441081621293,0.04487436804503844
kontinuitaet,577,0.15,mittelwert_steigung_normiert,nan,0.9875,1.5033526704565205,0.03928279904028344
kontinuitaet,577,0.15,ereignis_t0.05_l0,66.58958333333334,0.85,0.9946205293065651,1.645622349345884
kontinuitaet,577,0.15,ereignis_t0.05_l0.8,66.58958333333334,0.9208333333333333,1.386943289642105,0.7266097813953796
kontinuitaet,577,0.15,ereignis_t0.05_l1.6,66.58958333333334,0.8791666666666667,1.1815986359326094,0.4564259339977585
kontinuitaet,577,0.15,ereignis_t0.05_l3.2,66.58958333333334,0.8375,0.6707502353500414,0.3063089368444411
kontinuitaet,577,0.15,ereignis_t0.1_l0,26.61875,0.825,0.9016076833401117,0.7755766224056926
kontinuitaet,577,0.15,ereignis_t0.1_l0.8,26.61875,0.8875,1.2845370440001025,0.3438891348748198
kontinuitaet,577,0.15,ereignis_t0.1_l1.6,26.61875,0.85,1.2748614180381281,0.22344577062008394
kontinuitaet,577,0.15,ereignis_t0.1_l3.2,26.61875,0.75,0.7039131493791074,0.1614870852167077
kontinuitaet,577,0.15,ereignis_t0.2_l0,9.416666666666668,0.7041666666666667,0.583609037476243,0.3677540693936038
kontinuitaet,577,0.15,ereignis_t0.2_l0.8,9.416666666666668,0.7416666666666667,0.8453504746542909,0.17210015770872686
kontinuitaet,577,0.15,ereignis_t0.2_l1.6,9.416666666666668,0.6791666666666667,0.4710981577998953,0.11851192657205144
kontinuitaet,577,0.15,ereignis_t0.2_l3.2,9.416666666666668,0.55,0.394154096657508,0.09060692710152284
kontinuitaet,577,0.35,mittelwert_steigung,nan,0.9291666666666667,0.9780679410990675,0.05017732981634592
kontinuitaet,577,0.35,mittelwert_steigung_normiert,nan,0.9,1.076792366076743,0.04465339708373756
kontinuitaet,577,0.35,ereignis_t0.05_l0,88.46041666666667,0.6416666666666667,0.6673477599140412,1.976840738541058
kontinuitaet,577,0.35,ereignis_t0.05_l0.8,88.46041666666667,0.7541666666666667,0.8403396295768865,0.9868019996054962
kontinuitaet,577,0.35,ereignis_t0.05_l1.6,88.46041666666667,0.7708333333333334,0.7998083687023615,0.6644405037503859
kontinuitaet,577,0.35,ereignis_t0.05_l3.2,88.46041666666667,0.7291666666666666,0.6518339177815203,0.45166296915124665
kontinuitaet,577,0.35,ereignis_t0.1_l0,32.675,0.6625,0.8117567889438763,0.881375582068545
kontinuitaet,577,0.35,ereignis_t0.1_l0.8,32.675,0.7666666666666667,0.7927358013279135,0.450473482540025
kontinuitaet,577,0.35,ereignis_t0.1_l1.6,32.675,0.725,0.7844733240612046,0.3188670829249835
kontinuitaet,577,0.35,ereignis_t0.1_l3.2,32.675,0.6458333333333334,0.6677572504023722,0.23156968579231374
kontinuitaet,577,0.35,ereignis_t0.2_l0,10.600000000000001,0.5291666666666667,0.5777549222404081,0.423588341828872
kontinuitaet,577,0.35,ereignis_t0.2_l0.8,10.600000000000001,0.6333333333333333,0.5948019095982258,0.2160993693810361
kontinuitaet,577,0.35,ereignis_t0.2_l1.6,10.600000000000001,0.575,0.5600244738987238,0.15438910712658277
kontinuitaet,577,0.35,ereignis_t0.2_l3.2,10.600000000000001,0.425,0.5466064617922418,0.11544367769538229
kontinuitaet,577,0.55,mittelwert_steigung,nan,0.8958333333333334,1.456945370898046,0.04323086713972655
kontinuitaet,577,0.55,mittelwert_steigung_normiert,nan,0.85,1.2293085586359782,0.03817086598027503
kontinuitaet,577,0.55,ereignis_t0.05_l0,109.32083333333333,0.5708333333333333,0.23130216348816826,2.3038690283954946
kontinuitaet,577,0.55,ereignis_t0.05_l0.8,109.32083333333333,0.6166666666666667,0.3213016186979067,1.2447428588413882
kontinuitaet,577,0.55,ereignis_t0.05_l1.6,109.32083333333333,0.6458333333333334,0.4600533397566454,0.8600819923331234
kontinuitaet,577,0.55,ereignis_t0.05_l3.2,109.32083333333333,0.6458333333333334,0.6240681126774453,0.5808538545102641
kontinuitaet,577,0.55,ereignis_t0.1_l0,38.170833333333334,0.55,0.4436651935144997,0.977236572915916
kontinuitaet,577,0.55,ereignis_t0.1_l0.8,38.170833333333334,0.6708333333333333,0.5055701594322444,0.5275064887713495
kontinuitaet,577,0.55,ereignis_t0.1_l1.6,38.170833333333334,0.6541666666666667,0.5178467009347609,0.3798887931816097
kontinuitaet,577,0.55,ereignis_t0.1_l3.2,38.170833333333334,0.5666666666666667,0.47025728074848716,0.27739920254383577
kontinuitaet,577,0.55,ereignis_t0.2_l0,11.568750000000001,0.45,0.612402386000632,0.4494885210498212
kontinuitaet,577,0.55,ereignis_t0.2_l0.8,11.568750000000001,0.55,0.5972586356505993,0.24343473488129497
kontinuitaet,577,0.55,ereignis_t0.2_l1.6,11.568750000000001,0.5166666666666667,0.49091895038506905,0.1788596276433463
kontinuitaet,577,0.55,ereignis_t0.2_l3.2,11.568750000000001,0.37083333333333335,0.37521154967345677,0.1341740079660559
zeitskalen,503,0.15,mittelwert_steigung,nan,0.525,0.26794315772910743,0.044088048231322556
zeitskalen,503,0.15,mittelwert_steigung_normiert,nan,0.475,0.26209406795038026,0.039644291499765075
zeitskalen,503,0.15,ereignis_t0.05_l0,74.4625,0.3416666666666667,0.2805743932410328,2.585583697263648
zeitskalen,503,0.15,ereignis_t0.05_l0.8,74.4625,0.4125,0.20902668202883617,1.3726820710936525
zeitskalen,503,0.15,ereignis_t0.05_l1.6,74.4625,0.4125,0.17349018347045506,0.8928533357366253
zeitskalen,503,0.15,ereignis_t0.05_l3.2,74.4625,0.3875,0.12963065943109914,0.529109809613964
zeitskalen,503,0.15,ereignis_t0.1_l0,26.895833333333336,0.32083333333333336,0.2257486582620869,1.024652718946495
zeitskalen,503,0.15,ereignis_t0.1_l0.8,26.895833333333336,0.38333333333333336,0.23229306698949195,0.5193478527524624
zeitskalen,503,0.15,ereignis_t0.1_l1.6,26.895833333333336,0.4083333333333333,0.2875147429965337,0.33615522180022134
zeitskalen,503,0.15,ereignis_t0.1_l3.2,26.895833333333336,0.2916666666666667,0.23911147410904082,0.20680168899610937
zeitskalen,503,0.15,ereignis_t0.2_l0,8.587499999999999,0.3,0.29833534431264047,0.40574220400534017
zeitskalen,503,0.15,ereignis_t0.2_l0.8,8.587499999999999,0.3125,0.3389420210941869,0.20899998540111658
zeitskalen,503,0.15,ereignis_t0.2_l1.6,8.587499999999999,0.25,0.1978073145848266,0.14871975146024063
zeitskalen,503,0.15,ereignis_t0.2_l3.2,8.587499999999999,0.17916666666666667,0.26299054015996004,0.10748777247244161
zeitskalen,503,0.35,mittelwert_steigung,nan,0.425,0.2757678561130685,0.04956541666325177
zeitskalen,503,0.35,mittelwert_steigung_normiert,nan,0.37916666666666665,0.2978682466093057,0.04510708139466504
zeitskalen,503,0.35,ereignis_t0.05_l0,105.37083333333334,0.32916666666666666,0.1997633459111884,3.031275057170204
zeitskalen,503,0.35,ereignis_t0.05_l0.8,105.37083333333334,0.35833333333333334,0.21840741240845474,1.6821321147018249
zeitskalen,503,0.35,ereignis_t0.05_l1.6,105.37083333333334,0.4041666666666667,0.2383947555716788,1.1312218683089699
zeitskalen,503,0.35,ereignis_t0.05_l3.2,105.37083333333334,0.4375,0.1843240498866761,0.6992693606364166
zeitskalen,503,0.35,ereignis_t0.1_l0,36.75,0.2708333333333333,0.26770366589415906,1.250676900055859
zeitskalen,503,0.35,ereignis_t0.1_l0.8,36.75,0.32916666666666666,0.26509826649749796,0.6830815245497502
zeitskalen,503,0.35,ereignis_t0.1_l1.6,36.75,0.3416666666666667,0.2628170763846824,0.46590186249095994
zeitskalen,503,0.35,ereignis_t0.1_l3.2,36.75,0.325,0.21557285637452034,0.3002372160526324
zeitskalen,503,0.35,ereignis_t0.2_l0,11.370833333333334,0.2,0.22289008758795328,0.5056537984519536
zeitskalen,503,0.35,ereignis_t0.2_l0.8,11.370833333333334,0.24166666666666667,0.2275642660560025,0.2774096374055428
zeitskalen,503,0.35,ereignis_t0.2_l1.6,11.370833333333334,0.25416666666666665,0.2753278621396585,0.19799349459375729
zeitskalen,503,0.35,ereignis_t0.2_l3.2,11.370833333333334,0.19583333333333333,0.23178250247689292,0.14064464069166277
zeitskalen,503,0.55,mittelwert_steigung,nan,0.4083333333333333,0.24013059098795483,0.049973602150619384
zeitskalen,503,0.55,mittelwert_steigung_normiert,nan,0.4083333333333333,0.2491850574590355,0.046013584707690895
zeitskalen,503,0.55,ereignis_t0.05_l0,132.22083333333333,0.275,0.22877405061634956,3.1646443652223124
zeitskalen,503,0.55,ereignis_t0.05_l0.8,132.22083333333333,0.3375,0.16225591577441037,1.7747146381441297
zeitskalen,503,0.55,ereignis_t0.05_l1.6,132.22083333333333,0.3458333333333333,0.15642967685538062,1.2255021584370738
zeitskalen,503,0.55,ereignis_t0.05_l3.2,132.22083333333333,0.3333333333333333,0.137126254899613,0.8040372619645286
zeitskalen,503,0.55,ereignis_t0.1_l0,45.78333333333333,0.24583333333333332,0.14326966684922143,1.3230724973837729
zeitskalen,503,0.55,ereignis_t0.1_l0.8,45.78333333333333,0.3333333333333333,0.10918983681561363,0.7418935081815524
zeitskalen,503,0.55,ereignis_t0.1_l1.6,45.78333333333333,0.3375,0.13355115780543406,0.5242727378478244
zeitskalen,503,0.55,ereignis_t0.1_l3.2,45.78333333333333,0.3333333333333333,0.20785691747960422,0.3615691454407446
zeitskalen,503,0.55,ereignis_t0.2_l0,13.6125,0.22083333333333333,0.26772183762390966,0.5486726407127174
zeitskalen,503,0.55,ereignis_t0.2_l0.8,13.6125,0.2375,0.3202324384870985,0.31864804952677966
zeitskalen,503,0.55,ereignis_t0.2_l1.6,13.6125,0.25416666666666665,0.3130782939597943,0.23561397593864136
zeitskalen,503,0.55,ereignis_t0.2_l3.2,13.6125,0.19583333333333333,0.269882407728097,0.171440447932588
zeitskalen,541,0.15,mittelwert_steigung,nan,0.5541666666666667,0.22176849829437645,0.042621134337758555
zeitskalen,541,0.15,mittelwert_steigung_normiert,nan,0.5333333333333333,0.22411956214679393,0.03879008160855224
zeitskalen,541,0.15,ereignis_t0.05_l0,78.98750000000001,0.38333333333333336,0.19096135478829782,2.6664957627526387
zeitskalen,541,0.15,ereignis_t0.05_l0.8,78.98750000000001,0.43333333333333335,0.19644140418846154,1.47546062976275
zeitskalen,541,0.15,ereignis_t0.05_l1.6,78.98750000000001,0.4375,0.2085654225314916,0.984003440073671
zeitskalen,541,0.15,ereignis_t0.05_l3.2,78.98750000000001,0.42083333333333334,0.2235721836554293,0.5898959140445043
zeitskalen,541,0.15,ereignis_t0.1_l0,29.089583333333334,0.38333333333333336,0.2468804547717791,1.1106531174143537
zeitskalen,541,0.15,ereignis_t0.1_l0.8,29.089583333333334,0.43333333333333335,0.3201574775739193,0.6169615186553776
zeitskalen,541,0.15,ereignis_t0.1_l1.6,29.089583333333334,0.45,0.37686651785408554,0.42165489927974403
zeitskalen,541,0.15,ereignis_t0.1_l3.2,29.089583333333334,0.4125,0.3637260722190296,0.26582112845411654
zeitskalen,541,0.15,ereignis_t0.2_l0,9.277083333333334,0.25,0.20975152249454151,0.4352621336620037
zeitskalen,541,0.15,ereignis_t0.2_l0.8,9.277083333333334,0.2833333333333333,0.23228827299310406,0.2353470112979782
zeitskalen,541,0.15,ereignis_t0.2_l1.6,9.277083333333334,0.3125,0.2584266191746475,0.1637759277392173
zeitskalen,541,0.15,ereignis_t0.2_l3.2,9.277083333333334,0.29583333333333334,0.20212573477167312,0.10709041611218754
zeitskalen,541,0.35,mittelwert_steigung,nan,0.35833333333333334,0.2588668443220469,0.05278180284202301
zeitskalen,541,0.35,mittelwert_steigung_normiert,nan,0.3333333333333333,0.261190272383159,0.04888967217452383
zeitskalen,541,0.35,ereignis_t0.05_l0,101.4625,0.3,0.21096700065640037,2.8573886923008724
zeitskalen,541,0.35,ereignis_t0.05_l0.8,101.4625,0.375,0.23886919213201457,1.541259218275251
zeitskalen,541,0.35,ereignis_t0.05_l1.6,101.4625,0.4083333333333333,0.260926777419274,1.0312222833779972
zeitskalen,541,0.35,ereignis_t0.05_l3.2,101.4625,0.37083333333333335,0.26542143478243724,0.655773144541219
zeitskalen,541,0.35,ereignis_t0.1_l0,35.7,0.3416666666666667,0.2011005700047506,1.232499013973011
zeitskalen,541,0.35,ereignis_t0.1_l0.8,35.7,0.3541666666666667,0.1988221569274924,0.6436944130747311
zeitskalen,541,0.35,ereignis_t0.1_l1.6,35.7,0.36666666666666664,0.24978144870400715,0.434024940369341
zeitskalen,541,0.35,ereignis_t0.1_l3.2,35.7,0.35,0.27512730521687595,0.2915151487599243
zeitskalen,541,0.35,ereignis_t0.2_l0,10.91875,0.2,0.22686891472272125,0.48782930473225516
zeitskalen,541,0.35,ereignis_t0.2_l0.8,10.91875,0.2708333333333333,0.2648198742059059,0.2563293206857783
zeitskalen,541,0.35,ereignis_t0.2_l1.6,10.91875,0.25,0.2782329718479428,0.1828878334464113
zeitskalen,541,0.35,ereignis_t0.2_l3.2,10.91875,0.22083333333333333,0.22065140465960087,0.13307182227529885
zeitskalen,541,0.55,mittelwert_steigung,nan,0.37083333333333335,0.354872210837025,0.04871966306935579
zeitskalen,541,0.55,mittelwert_steigung_normiert,nan,0.3458333333333333,0.2686681756153861,0.0438349519762943
zeitskalen,541,0.55,ereignis_t0.05_l0,124.70625000000001,0.2916666666666667,0.18330437069141045,3.0369969862422392
zeitskalen,541,0.55,ereignis_t0.05_l0.8,124.70625000000001,0.30416666666666664,0.1460744296185313,1.6644691569732228
zeitskalen,541,0.55,ereignis_t0.05_l1.6,124.70625000000001,0.3541666666666667,0.15637135322557263,1.1477205118762104
zeitskalen,541,0.55,ereignis_t0.05_l3.2,124.70625000000001,0.3458333333333333,0.1543680208285158,0.7633539497474576
zeitskalen,541,0.55,ereignis_t0.1_l0,43.14791666666666,0.2833333333333333,0.17630153300009863,1.3012080391355993
zeitskalen,541,0.55,ereignis_t0.1_l0.8,43.14791666666666,0.2875,0.21027977833834968,0.6932253283320069
zeitskalen,541,0.55,ereignis_t0.1_l1.6,43.14791666666666,0.32916666666666666,0.23823693358437661,0.48316561361529375
zeitskalen,541,0.55,ereignis_t0.1_l3.2,43.14791666666666,0.30416666666666664,0.21682075820737168,0.3371668259374647
zeitskalen,541,0.55,ereignis_t0.2_l0,12.920833333333334,0.23333333333333334,0.2091692877255165,0.5648869110027441
zeitskalen,541,0.55,ereignis_t0.2_l0.8,12.920833333333334,0.20416666666666666,0.26963068304832344,0.30492545080862277
zeitskalen,541,0.55,ereignis_t0.2_l1.6,12.920833333333334,0.19583333333333333,0.22395976774983808,0.22038634894461975
zeitskalen,541,0.55,ereignis_t0.2_l3.2,12.920833333333334,0.19166666666666668,0.2432113084065468,0.1614294956059287
zeitskalen,577,0.15,mittelwert_steigung,nan,0.525,0.4179070174343411,0.04721959052547758
zeitskalen,577,0.15,mittelwert_steigung_normiert,nan,0.4791666666666667,0.34079740635121863,0.04313706906318616
zeitskalen,577,0.15,ereignis_t0.05_l0,76.26875,0.3125,0.26041897904918493,2.5429812174340225
zeitskalen,577,0.15,ereignis_t0.05_l0.8,76.26875,0.3125,0.18906915824239526,1.3191504891051056
zeitskalen,577,0.15,ereignis_t0.05_l1.6,76.26875,0.3375,0.20950824320015,0.843392737691527
zeitskalen,577,0.15,ereignis_t0.05_l3.2,76.26875,0.35,0.26274007124025667,0.5007650478135478
zeitskalen,577,0.15,ereignis_t0.1_l0,27.706249999999997,0.3125,0.2869779398649831,1.035439721406643
zeitskalen,577,0.15,ereignis_t0.1_l0.8,27.706249999999997,0.3375,0.28298418336575665,0.5276963658385375
zeitskalen,577,0.15,ereignis_t0.1_l1.6,27.706249999999997,0.32916666666666666,0.24794004116140086,0.34612101519450417
zeitskalen,577,0.15,ereignis_t0.1_l3.2,27.706249999999997,0.25833333333333336,0.22107487721385427,0.2212146345364372
zeitskalen,577,0.15,ereignis_t0.2_l0,8.747916666666665,0.26666666666666666,0.26457412979562406,0.41682288738077283
zeitskalen,577,0.15,ereignis_t0.2_l0.8,8.747916666666665,0.24583333333333332,0.1553263686405785,0.2066333129083215
zeitskalen,577,0.15,ereignis_t0.2_l1.6,8.747916666666665,0.2,0.270714297893734,0.1392498640849475
zeitskalen,577,0.15,ereignis_t0.2_l3.2,8.747916666666665,0.18333333333333332,0.2430161482805202,0.09628843503922094
zeitskalen,577,0.35,mittelwert_steigung,nan,0.4791666666666667,0.2991973652482057,0.0487244077675902
zeitskalen,577,0.35,mittelwert_steigung_normiert,nan,0.475,0.25871645388410863,0.04399846950090841
zeitskalen,577,0.35,ereignis_t0.05_l0,103.61666666666667,0.3458333333333333,0.25227421307959075,2.780793501862373
zeitskalen,577,0.35,ereignis_t0.05_l0.8,103.61666666666667,0.3875,0.22821737486937294,1.4791630469691184
zeitskalen,577,0.35,ereignis_t0.05_l1.6,103.61666666666667,0.4125,0.24579875804711301,0.9796500005425598
zeitskalen,577,0.35,ereignis_t0.05_l3.2,103.61666666666667,0.4083333333333333,0.36185274088942954,0.619615585648611
zeitskalen,577,0.35,ereignis_t0.1_l0,36.337500000000006,0.31666666666666665,0.21375330945434878,1.1946240982464362
zeitskalen,577,0.35,ereignis_t0.1_l0.8,36.337500000000006,0.3958333333333333,0.23192105641957375,0.6146836151961341
zeitskalen,577,0.35,ereignis_t0.1_l1.6,36.337500000000006,0.4125,0.2629688434583418,0.4090046478007487
zeitskalen,577,0.35,ereignis_t0.1_l3.2,36.337500000000006,0.35,0.3426493099693881,0.27147630345404594
zeitskalen,577,0.35,ereignis_t0.2_l0,11.147916666666667,0.21666666666666667,0.19282673389991542,0.47402128702786706
zeitskalen,577,0.35,ereignis_t0.2_l0.8,11.147916666666667,0.225,0.3003865247529961,0.253896148970179
zeitskalen,577,0.35,ereignis_t0.2_l1.6,11.147916666666667,0.24583333333333332,0.3146186276035898,0.17723510371568932
zeitskalen,577,0.35,ereignis_t0.2_l3.2,11.147916666666667,0.20833333333333334,0.32341214596271195,0.12281348735653684
zeitskalen,577,0.55,mittelwert_steigung,nan,0.39166666666666666,0.40509263573578835,0.051202235494206966
zeitskalen,577,0.55,mittelwert_steigung_normiert,nan,0.3875,0.36560261232317415,0.04757938861517898
zeitskalen,577,0.55,ereignis_t0.05_l0,126.08541666666667,0.275,0.3272146057660552,2.921127541055185
zeitskalen,577,0.55,ereignis_t0.05_l0.8,126.08541666666667,0.30416666666666664,0.22914138790274224,1.6094999621868806
zeitskalen,577,0.55,ereignis_t0.05_l1.6,126.08541666666667,0.30416666666666664,0.3871582458934467,1.1078793270596425
zeitskalen,577,0.55,ereignis_t0.05_l3.2,126.08541666666667,0.32916666666666666,0.41248371877500806,0.737396714085573
zeitskalen,577,0.55,ereignis_t0.1_l0,43.25416666666666,0.2833333333333333,0.23375097436463335,1.2372439409608942
zeitskalen,577,0.55,ereignis_t0.1_l0.8,43.25416666666666,0.29583333333333334,0.29369469229012823,0.6863610054814502
zeitskalen,577,0.55,ereignis_t0.1_l1.6,43.25416666666666,0.31666666666666665,0.3914531414553143,0.494002594165223
zeitskalen,577,0.55,ereignis_t0.1_l3.2,43.25416666666666,0.2791666666666667,0.38914597845085364,0.3535928175328328
zeitskalen,577,0.55,ereignis_t0.2_l0,13.097916666666666,0.21666666666666667,0.23428213497707268,0.542467356928814
zeitskalen,577,0.55,ereignis_t0.2_l0.8,13.097916666666666,0.25,0.2581692072044501,0.3022786205348329
zeitskalen,577,0.55,ereignis_t0.2_l1.6,13.097916666666666,0.275,0.20756566967968396,0.2231200988632627
zeitskalen,577,0.55,ereignis_t0.2_l3.2,13.097916666666666,0.275,0.24960657228462022,0.1665306356637358
adaptation,503,0.15,mittelwert_steigung,nan,0.8208333333333333,0.25409699328065677,0.03445742945327959
adaptation,503,0.15,mittelwert_steigung_normiert,nan,0.8,0.28852000945770473,0.028664384397216833
adaptation,503,0.15,ereignis_t0.05_l0,47.74791666666667,0.6541666666666667,0.18620314474700775,1.3392447083669545
adaptation,503,0.15,ereignis_t0.05_l0.8,47.74791666666667,0.6291666666666667,0.2608011114242971,0.5404381675961872
adaptation,503,0.15,ereignis_t0.05_l1.6,47.74791666666667,0.675,0.3798900280691008,0.31048696732480596
adaptation,503,0.15,ereignis_t0.05_l3.2,47.74791666666667,0.6166666666666667,0.3931075673102923,0.2032470619333632
adaptation,503,0.15,ereignis_t0.1_l0,18.237499999999997,0.5916666666666667,0.36225304093083693,0.6072478900745559
adaptation,503,0.15,ereignis_t0.1_l0.8,18.237499999999997,0.5333333333333333,0.4135079139236855,0.25399043447457587
adaptation,503,0.15,ereignis_t0.1_l1.6,18.237499999999997,0.5375,0.35886664776047317,0.16057921973577763
adaptation,503,0.15,ereignis_t0.1_l3.2,18.237499999999997,0.49166666666666664,0.3345137294427539,0.11599254776583101
adaptation,503,0.15,ereignis_t0.2_l0,6.047916666666667,0.3541666666666667,0.27764986222967647,0.2786531346395451
adaptation,503,0.15,ereignis_t0.2_l0.8,6.047916666666667,0.3125,0.19059850241014356,0.1322664126132063
adaptation,503,0.15,ereignis_t0.2_l1.6,6.047916666666667,0.35,0.10586078511254218,0.09602299059706737
adaptation,503,0.15,ereignis_t0.2_l3.2,6.047916666666667,0.29583333333333334,0.02195278401931573,0.07425946156836961
adaptation,503,0.35,mittelwert_steigung,nan,0.7666666666666667,0.3743277843612471,0.04354246625769885
adaptation,503,0.35,mittelwert_steigung_normiert,nan,0.6958333333333333,0.4274425662434106,0.03688390537406589
adaptation,503,0.35,ereignis_t0.05_l0,71.54166666666666,0.43333333333333335,0.3492229861006016,1.9229967932023877
adaptation,503,0.35,ereignis_t0.05_l0.8,71.54166666666666,0.5083333333333333,0.3581177805067638,0.8557340714869058
adaptation,503,0.35,ereignis_t0.05_l1.6,71.54166666666666,0.5875,0.3842691264237989,0.5137595624380792
adaptation,503,0.35,ereignis_t0.05_l3.2,71.54166666666666,0.525,0.3376750681567184,0.3231997240481217
adaptation,503,0.35,ereignis_t0.1_l0,26.09375,0.49166666666666664,0.3568060090565872,0.8249052975948209
adaptation,503,0.35,ereignis_t0.1_l0.8,26.09375,0.49583333333333335,0.36351772000138916,0.3647256581240628
adaptation,503,0.35,ereignis_t0.1_l1.6,26.09375,0.5666666666666667,0.297170837294431,0.23026331209520237
adaptation,503,0.35,ereignis_t0.1_l3.2,26.09375,0.5416666666666666,0.34070002087457035,0.16078467191339013
adaptation,503,0.35,ereignis_t0.2_l0,8.308333333333334,0.42916666666666664,0.30288401291477235,0.366808684617896
adaptation,503,0.35,ereignis_t0.2_l0.8,8.308333333333334,0.3625,0.32020390761929346,0.1718515181208512
adaptation,503,0.35,ereignis_t0.2_l1.6,8.308333333333334,0.30833333333333335,0.28629273096055513,0.1215981155488548
adaptation,503,0.35,ereignis_t0.2_l3.2,8.308333333333334,0.2708333333333333,0.21281767875529065,0.09286111212166172
adaptation,503,0.55,mittelwert_steigung,nan,0.75,0.3076818858148557,0.04129802710262994
adaptation,503,0.55,mittelwert_steigung_normiert,nan,0.7083333333333334,0.3529148499268397,0.03532819087819716
adaptation,503,0.55,ereignis_t0.05_l0,88.3875,0.38333333333333336,0.17761829464071918,2.3544063299835623
adaptation,503,0.55,ereignis_t0.05_l0.8,88.3875,0.425,0.18459515482074715,1.1485865763223269
adaptation,503,0.55,ereignis_t0.05_l1.6,88.3875,0.45,0.2313649088589387,0.7330453106150168
adaptation,503,0.55,ereignis_t0.05_l3.2,88.3875,0.425,0.24204527931718245,0.47493534829034456
adaptation,503,0.55,ereignis_t0.1_l0,31.320833333333333,0.35833333333333334,0.2314951276828382,1.0174049573410886
adaptation,503,0.55,ereignis_t0.1_l0.8,31.320833333333333,0.42083333333333334,0.23057217798705043,0.47826870658572285
adaptation,503,0.55,ereignis_t0.1_l1.6,31.320833333333333,0.45416666666666666,0.2382874753647355,0.30790062105383503
adaptation,503,0.55,ereignis_t0.1_l3.2,31.320833333333333,0.38333333333333336,0.23335478308082958,0.21219669740887998
adaptation,503,0.55,ereignis_t0.2_l0,9.420833333333334,0.22083333333333333,0.2537922239633051,0.41734320076194154
adaptation,503,0.55,ereignis_t0.2_l0.8,9.420833333333334,0.17083333333333334,0.18837373094578444,0.2035449706581347
adaptation,503,0.55,ereignis_t0.2_l1.6,9.420833333333334,0.23333333333333334,0.09628517181379914,0.1412257431230197
adaptation,503,0.55,ereignis_t0.2_l3.2,9.420833333333334,0.24583333333333332,0.12377680600599394,0.10229688717767894
adaptation,541,0.15,mittelwert_steigung,nan,0.8375,0.2855221532102245,0.03789474318845761
adaptation,541,0.15,mittelwert_steigung_normiert,nan,0.8333333333333334,0.2930507451495853,0.030704513901402598
adaptation,541,0.15,ereignis_t0.05_l0,48.514583333333334,0.6333333333333333,0.19380240476172353,1.419039067467841
adaptation,541,0.15,ereignis_t0.05_l0.8,48.514583333333334,0.6291666666666667,0.22828007993614657,0.5923478364539977
adaptation,541,0.15,ereignis_t0.05_l1.6,48.514583333333334,0.6833333333333333,0.28365859998613935,0.3461272770855554
adaptation,541,0.15,ereignis_t0.05_l3.2,48.514583333333334,0.6083333333333333,0.33773195032610104,0.21903829080112355
adaptation,541,0.15,ereignis_t0.1_l0,18.33125,0.6,0.2643678437384674,0.6092815099224113
adaptation,541,0.15,ereignis_t0.1_l0.8,18.33125,0.5458333333333333,0.2244718110563928,0.2630311135136086
adaptation,541,0.15,ereignis_t0.1_l1.6,18.33125,0.5625,0.2145916159669662,0.1675483123522204
adaptation,541,0.15,ereignis_t0.1_l3.2,18.33125,0.5083333333333333,0.21521943804537833,0.1164015514672358
adaptation,541,0.15,ereignis_t0.2_l0,6.191666666666666,0.425,0.21693959203759003,0.3007513738769765
adaptation,541,0.15,ereignis_t0.2_l0.8,6.191666666666666,0.35833333333333334,0.20409641498648623,0.14635562852876255
adaptation,541,0.15,ereignis_t0.2_l1.6,6.191666666666666,0.32916666666666666,0.09113440218023333,0.10265064009472125
adaptation,541,0.15,ereignis_t0.2_l3.2,6.191666666666666,0.30833333333333335,0.011823943115520404,0.07292131236411703
adaptation,541,0.35,mittelwert_steigung,nan,0.8166666666666667,0.4064883895496721,0.03842542716398853
adaptation,541,0.35,mittelwert_steigung_normiert,nan,0.7875,0.4273476849311014,0.03270478902760161
adaptation,541,0.35,ereignis_t0.05_l0,69.34375,0.525,0.19621236282488683,1.6944174064327309
adaptation,541,0.35,ereignis_t0.05_l0.8,69.34375,0.5916666666666667,0.16626862028041922,0.7320246202616434
adaptation,541,0.35,ereignis_t0.05_l1.6,69.34375,0.625,0.22800707919026691,0.4239530889503514
adaptation,541,0.35,ereignis_t0.05_l3.2,69.34375,0.55,0.303708262683072,0.2665305127870173
adaptation,541,0.35,ereignis_t0.1_l0,25.272916666666667,0.5583333333333333,0.2568523705435587,0.7721553977881224
adaptation,541,0.35,ereignis_t0.1_l0.8,25.272916666666667,0.6,0.2980516730476921,0.3363131982611073
adaptation,541,0.35,ereignis_t0.1_l1.6,25.272916666666667,0.5916666666666667,0.39617129224886216,0.20679963021773112
adaptation,541,0.35,ereignis_t0.1_l3.2,25.272916666666667,0.5208333333333334,0.42000849281306163,0.14237663512178267
adaptation,541,0.35,ereignis_t0.2_l0,8.120833333333334,0.39166666666666666,0.2945823884106869,0.3442231592053814
adaptation,541,0.35,ereignis_t0.2_l0.8,8.120833333333334,0.3541666666666667,0.21433150917166735,0.16030303317636208
adaptation,541,0.35,ereignis_t0.2_l1.6,8.120833333333334,0.3625,0.1979781957680173,0.11290773260460424
adaptation,541,0.35,ereignis_t0.2_l3.2,8.120833333333334,0.31666666666666665,0.09350528539337029,0.08710204090602659
adaptation,541,0.55,mittelwert_steigung,nan,0.7666666666666667,0.2292977673740757,0.043246554633689684
adaptation,541,0.55,mittelwert_steigung_normiert,nan,0.7125,0.2144576246774945,0.03783676879151788
adaptation,541,0.55,ereignis_t0.05_l0,86.61875,0.4125,0.3123307514062022,2.0845517270573493
adaptation,541,0.55,ereignis_t0.05_l0.8,86.61875,0.4666666666666667,0.3210902809828406,1.0304863919501561
adaptation,541,0.55,ereignis_t0.05_l1.6,86.61875,0.48333333333333334,0.35073419196190053,0.6744302633817789
adaptation,541,0.55,ereignis_t0.05_l3.2,86.61875,0.4375,0.3918607128683638,0.44605468838367024
adaptation,541,0.55,ereignis_t0.1_l0,30.53333333333333,0.37083333333333335,0.2166633897951437,0.8954941218244943
adaptation,541,0.55,ereignis_t0.1_l0.8,30.53333333333333,0.44166666666666665,0.21386017433468216,0.432802008245898
adaptation,541,0.55,ereignis_t0.1_l1.6,30.53333333333333,0.49166666666666664,0.25160625667140607,0.2897747945466549
adaptation,541,0.55,ereignis_t0.1_l3.2,30.53333333333333,0.4,0.32032045153862526,0.20228786419688097
adaptation,541,0.55,ereignis_t0.2_l0,9.145833333333334,0.2833333333333333,0.29220532070651517,0.38914302212254387
adaptation,541,0.55,ereignis_t0.2_l0.8,9.145833333333334,0.225,0.256984556997896,0.1907486768109836
adaptation,541,0.55,ereignis_t0.2_l1.6,9.145833333333334,0.18333333333333332,0.32659243883196065,0.13345334980943738
adaptation,541,0.55,ereignis_t0.2_l3.2,9.145833333333334,0.22916666666666666,0.29024277737914655,0.09804789224654162
adaptation,577,0.15,mittelwert_steigung,nan,0.8166666666666667,0.3188542387666004,0.042404723707889974
adaptation,577,0.15,mittelwert_steigung_normiert,nan,0.7791666666666667,0.21675360851369105,0.03601849124418169
adaptation,577,0.15,ereignis_t0.05_l0,49.48958333333333,0.7291666666666666,0.3143213890649021,1.298637106097517
adaptation,577,0.15,ereignis_t0.05_l0.8,49.48958333333333,0.6583333333333333,0.24228970259071536,0.5497433348172771
adaptation,577,0.15,ereignis_t0.05_l1.6,49.48958333333333,0.7125,0.28281560163576297,0.33496401580597446
adaptation,577,0.15,ereignis_t0.05_l3.2,49.48958333333333,0.6333333333333333,0.3412873478912163,0.2224738731591846
adaptation,577,0.15,ereignis_t0.1_l0,18.804166666666667,0.6625,0.3834676912376691,0.5707344804917802
adaptation,577,0.15,ereignis_t0.1_l0.8,18.804166666666667,0.5541666666666667,0.3353875528703606,0.2570431537221483
adaptation,577,0.15,ereignis_t0.1_l1.6,18.804166666666667,0.6166666666666667,0.2646959755698321,0.1751806352827818
adaptation,577,0.15,ereignis_t0.1_l3.2,18.804166666666667,0.5166666666666667,0.18591360718681565,0.12861847646801775
adaptation,577,0.15,ereignis_t0.2_l0,6.4,0.3541666666666667,0.34327556150977667,0.284205153796416
adaptation,577,0.15,ereignis_t0.2_l0.8,6.4,0.2916666666666667,0.211427250803195,0.1429730298457438
adaptation,577,0.15,ereignis_t0.2_l1.6,6.4,0.30416666666666664,0.09335195251557095,0.10784622562562847
adaptation,577,0.15,ereignis_t0.2_l3.2,6.4,0.2916666666666667,0.011959993132381356,0.08643623602115177
adaptation,577,0.35,mittelwert_steigung,nan,0.8333333333333334,0.29974577569741373,0.04353327965768993
adaptation,577,0.35,mittelwert_steigung_normiert,nan,0.8041666666666667,0.3534182942296642,0.03636678259073409
adaptation,577,0.35,ereignis_t0.05_l0,71.27083333333334,0.4666666666666667,0.25617737508312993,2.0577702502412114
adaptation,577,0.35,ereignis_t0.05_l0.8,71.27083333333334,0.5208333333333334,0.21338737327313553,0.9672076074120289
adaptation,577,0.35,ereignis_t0.05_l1.6,71.27083333333334,0.5916666666666667,0.32608401872948606,0.5961510687505985
adaptation,577,0.35,ereignis_t0.05_l3.2,71.27083333333334,0.5458333333333333,0.43339634363169377,0.3732998338024231
adaptation,577,0.35,ereignis_t0.1_l0,25.772916666666667,0.4666666666666667,0.40917163043127214,0.8470485933194414
adaptation,577,0.35,ereignis_t0.1_l0.8,25.772916666666667,0.4666666666666667,0.42689710218109844,0.3869077546329456
adaptation,577,0.35,ereignis_t0.1_l1.6,25.772916666666667,0.48333333333333334,0.41238920083039565,0.24799436527831792
adaptation,577,0.35,ereignis_t0.1_l3.2,25.772916666666667,0.4,0.38050492687715265,0.17044812981756602
adaptation,577,0.35,ereignis_t0.2_l0,8.314583333333333,0.3125,0.2874658060574936,0.38199494615621404
adaptation,577,0.35,ereignis_t0.2_l0.8,8.314583333333333,0.32083333333333336,0.27834576648948717,0.17750782355832787
adaptation,577,0.35,ereignis_t0.2_l1.6,8.314583333333333,0.25833333333333336,0.2283579101944296,0.12295443209300302
adaptation,577,0.35,ereignis_t0.2_l3.2,8.314583333333333,0.24583333333333332,0.19731052373695637,0.09317141929940478
adaptation,577,0.55,mittelwert_steigung,nan,0.7791666666666667,0.5689526169382633,0.04096229163956681
adaptation,577,0.55,mittelwert_steigung_normiert,nan,0.7041666666666667,0.6049354940295916,0.035396354677186534
adaptation,577,0.55,ereignis_t0.05_l0,87.88333333333333,0.425,0.2200051322468542,1.9895887870780402
adaptation,577,0.55,ereignis_t0.05_l0.8,87.88333333333333,0.4708333333333333,0.2020970120027783,0.96242913408918
adaptation,577,0.55,ereignis_t0.05_l1.6,87.88333333333333,0.4791666666666667,0.24256121561911165,0.6365711800490176
adaptation,577,0.55,ereignis_t0.05_l3.2,87.88333333333333,0.4625,0.26602848039243,0.43963446471810336
adaptation,577,0.55,ereignis_t0.1_l0,30.770833333333336,0.425,0.16731735701002695,0.850423709753621
adaptation,577,0.55,ereignis_t0.1_l0.8,30.770833333333336,0.4666666666666667,0.26180710470884616,0.4016115280055226
adaptation,577,0.55,ereignis_t0.1_l1.6,30.770833333333336,0.45,0.3690624431642633,0.2742873814360801
adaptation,577,0.55,ereignis_t0.1_l3.2,30.770833333333336,0.39166666666666666,0.38954054079557243,0.20334682255752332
adaptation,577,0.55,ereignis_t0.2_l0,9.306249999999999,0.2916666666666667,0.13821514548435315,0.3954493751838955
adaptation,577,0.55,ereignis_t0.2_l0.8,9.306249999999999,0.3,0.16490159086624484,0.1872713913960285
adaptation,577,0.55,ereignis_t0.2_l1.6,9.306249999999999,0.20833333333333334,0.18036629267865684,0.1327296779309331
adaptation,577,0.55,ereignis_t0.2_l3.2,9.306249999999999,0.2,0.11621342951093445,0.10272269655239737
